// Validating benchmarks:
// ***** BenchmarkRunner: Start   *****
// ***** Found 9 benchmark(s) in total *****
// ***** Building 1 exe(s) in Parallel: Start   *****
// start dotnet  restore --nodeReuse:false /p:UseSharedCompilation=false /p:Deterministic=true /p:Optimize=true /p:ArtifactsPath="C:\Users\User\Documents\GitHub\TruckFlow\src\TruckFlowApi\TruckFlow.Benchmarks\bin\Release\net8.0\TruckFlow.Benchmarks-Job-CNUJVU-1/" /p:OutDir="C:\Users\User\Documents\GitHub\TruckFlow\src\TruckFlowApi\TruckFlow.Benchmarks\bin\Release\net8.0\TruckFlow.Benchmarks-Job-CNUJVU-1\bin\Release\net8.0/" /p:OutputPath="C:\Users\User\Documents\GitHub\TruckFlow\src\TruckFlowApi\TruckFlow.Benchmarks\bin\Release\net8.0\TruckFlow.Benchmarks-Job-CNUJVU-1\bin\Release\net8.0/" /p:PublishDir="C:\Users\User\Documents\GitHub\TruckFlow\src\TruckFlowApi\TruckFlow.Benchmarks\bin\Release\net8.0\TruckFlow.Benchmarks-Job-CNUJVU-1\publish/" in C:\Users\User\Documents\GitHub\TruckFlow\src\TruckFlowApi\TruckFlow.Benchmarks\bin\Release\net8.0\TruckFlow.Benchmarks-Job-CNUJVU-1
// command took 1.74 sec and exited with 0
// start dotnet  build -c Release --no-restore --nodeReuse:false /p:UseSharedCompilation=false /p:Deterministic=true /p:Optimize=true /p:ArtifactsPath="C:\Users\User\Documents\GitHub\TruckFlow\src\TruckFlowApi\TruckFlow.Benchmarks\bin\Release\net8.0\TruckFlow.Benchmarks-Job-CNUJVU-1/" /p:OutDir="C:\Users\User\Documents\GitHub\TruckFlow\src\TruckFlowApi\TruckFlow.Benchmarks\bin\Release\net8.0\TruckFlow.Benchmarks-Job-CNUJVU-1\bin\Release\net8.0/" /p:OutputPath="C:\Users\User\Documents\GitHub\TruckFlow\src\TruckFlowApi\TruckFlow.Benchmarks\bin\Release\net8.0\TruckFlow.Benchmarks-Job-CNUJVU-1\bin\Release\net8.0/" /p:PublishDir="C:\Users\User\Documents\GitHub\TruckFlow\src\TruckFlowApi\TruckFlow.Benchmarks\bin\Release\net8.0\TruckFlow.Benchmarks-Job-CNUJVU-1\publish/" --output "C:\Users\User\Documents\GitHub\TruckFlow\src\TruckFlowApi\TruckFlow.Benchmarks\bin\Release\net8.0\TruckFlow.Benchmarks-Job-CNUJVU-1\bin\Release\net8.0/" in C:\Users\User\Documents\GitHub\TruckFlow\src\TruckFlowApi\TruckFlow.Benchmarks\bin\Release\net8.0\TruckFlow.Benchmarks-Job-CNUJVU-1
// command took 14.41 sec and exited with 0
// ***** Done, took 00:00:16 (16.24 sec)   *****
// Found 9 benchmarks:
//   DominioBenchmarks.Agendamento_Reservar: Job-CNUJVU(InvocationCount=1, UnrollFactor=1)
//   DominioBenchmarks.StatusAgendamento_PodeTransitar_Valido: Job-CNUJVU(InvocationCount=1, UnrollFactor=1)
//   DominioBenchmarks.StatusAgendamento_PodeTransitar_Invalido: Job-CNUJVU(InvocationCount=1, UnrollFactor=1)
//   DominioBenchmarks.EanValidator_Ean13_Valido: Job-CNUJVU(InvocationCount=1, UnrollFactor=1)
//   DominioBenchmarks.EanValidator_Ean13_Invalido: Job-CNUJVU(InvocationCount=1, UnrollFactor=1)
//   DominioBenchmarks.EanValidator_Ean8_Valido: Job-CNUJVU(InvocationCount=1, UnrollFactor=1)
//   DominioBenchmarks.ChaveAcesso_ExtrairUf_SP: Job-CNUJVU(InvocationCount=1, UnrollFactor=1)
//   DominioBenchmarks.ChaveAcesso_ExtrairUf_CodigoInexistente: Job-CNUJVU(InvocationCount=1, UnrollFactor=1)
//   DominioBenchmarks.Agendamento_PodeExpirar_Disponivel: Job-CNUJVU(InvocationCount=1, UnrollFactor=1)

Setup power plan (GUID: 8c5e7fda-e8bf-4a96-9a85-a6e23a8c635c FriendlyName: Alto desempenho)
// **************************
// Benchmark: DominioBenchmarks.Agendamento_Reservar: Job-CNUJVU(InvocationCount=1, UnrollFactor=1)
// *** Execute ***
// Launch: 1 / 1
// Execute: dotnet TruckFlow.Benchmarks-Job-CNUJVU-1.dll --anonymousPipes 1380 1540 --benchmarkName TruckFlow.Benchmarks.Benchmarks.DominioBenchmarks.Agendamento_Reservar --job "InvocationCount=1, UnrollFactor=1" --benchmarkId 0 in C:\Users\User\Documents\GitHub\TruckFlow\src\TruckFlowApi\TruckFlow.Benchmarks\bin\Release\net8.0\TruckFlow.Benchmarks-Job-CNUJVU-1\bin\Release\net8.0
// BeforeAnythingElse

// Benchmark Process Environment Information:
// BenchmarkDotNet v0.15.8
// Runtime=.NET 8.0.19 (8.0.19, 8.0.1925.36514), X64 RyuJIT x86-64-v3
// GC=Concurrent Workstation
// HardwareIntrinsics=AVX2+BMI1+BMI2+F16C+FMA+LZCNT+MOVBE,AVX,SSE3+SSSE3+SSE4.1+SSE4.2+POPCNT,X86Base+SSE+SSE2,AES+PCLMUL VectorSize=256
// Job: Job-CNUJVU(InvocationCount=1, UnrollFactor=1)

OverheadJitting  1: 1 op, 87300.00 ns, 87.3000 us/op
WorkloadJitting  1: 1 op, 719500.00 ns, 719.5000 us/op

OverheadWarmup   1: 1 op, 200.00 ns, 200.0000 ns/op
OverheadWarmup   2: 1 op, 200.00 ns, 200.0000 ns/op
OverheadWarmup   3: 1 op, 200.00 ns, 200.0000 ns/op
OverheadWarmup   4: 1 op, 100.00 ns, 100.0000 ns/op
OverheadWarmup   5: 1 op, 200.00 ns, 200.0000 ns/op

OverheadActual   1: 1 op, 100.00 ns, 100.0000 ns/op
OverheadActual   2: 1 op, 200.00 ns, 200.0000 ns/op
OverheadActual   3: 1 op, 200.00 ns, 200.0000 ns/op
OverheadActual   4: 1 op, 100.00 ns, 100.0000 ns/op
OverheadActual   5: 1 op, 100.00 ns, 100.0000 ns/op
OverheadActual   6: 1 op, 100.00 ns, 100.0000 ns/op
OverheadActual   7: 1 op, 100.00 ns, 100.0000 ns/op
OverheadActual   8: 1 op, 200.00 ns, 200.0000 ns/op
OverheadActual   9: 1 op, 200.00 ns, 200.0000 ns/op
OverheadActual  10: 1 op, 100.00 ns, 100.0000 ns/op
OverheadActual  11: 1 op, 100.00 ns, 100.0000 ns/op
OverheadActual  12: 1 op, 200.00 ns, 200.0000 ns/op
OverheadActual  13: 1 op, 200.00 ns, 200.0000 ns/op
OverheadActual  14: 1 op, 200.00 ns, 200.0000 ns/op
OverheadActual  15: 1 op, 200.00 ns, 200.0000 ns/op
OverheadActual  16: 1 op, 200.00 ns, 200.0000 ns/op
OverheadActual  17: 1 op, 100.00 ns, 100.0000 ns/op
OverheadActual  18: 1 op, 100.00 ns, 100.0000 ns/op
OverheadActual  19: 1 op, 200.00 ns, 200.0000 ns/op
OverheadActual  20: 1 op, 200.00 ns, 200.0000 ns/op

WorkloadWarmup   1: 1 op, 33200.00 ns, 33.2000 us/op
WorkloadWarmup   2: 1 op, 3700.00 ns, 3.7000 us/op
WorkloadWarmup   3: 1 op, 2900.00 ns, 2.9000 us/op
WorkloadWarmup   4: 1 op, 3000.00 ns, 3.0000 us/op
WorkloadWarmup   5: 1 op, 2900.00 ns, 2.9000 us/op
WorkloadWarmup   6: 1 op, 3200.00 ns, 3.2000 us/op
WorkloadWarmup   7: 1 op, 2700.00 ns, 2.7000 us/op

// BeforeActualRun
WorkloadActual   1: 1 op, 3800.00 ns, 3.8000 us/op
WorkloadActual   2: 1 op, 3900.00 ns, 3.9000 us/op
WorkloadActual   3: 1 op, 3000.00 ns, 3.0000 us/op
WorkloadActual   4: 1 op, 4500.00 ns, 4.5000 us/op
WorkloadActual   5: 1 op, 4300.00 ns, 4.3000 us/op
WorkloadActual   6: 1 op, 3200.00 ns, 3.2000 us/op
WorkloadActual   7: 1 op, 3500.00 ns, 3.5000 us/op
WorkloadActual   8: 1 op, 3100.00 ns, 3.1000 us/op
WorkloadActual   9: 1 op, 3000.00 ns, 3.0000 us/op
WorkloadActual  10: 1 op, 2900.00 ns, 2.9000 us/op
WorkloadActual  11: 1 op, 2900.00 ns, 2.9000 us/op
WorkloadActual  12: 1 op, 3200.00 ns, 3.2000 us/op
WorkloadActual  13: 1 op, 3100.00 ns, 3.1000 us/op
WorkloadActual  14: 1 op, 3100.00 ns, 3.1000 us/op
WorkloadActual  15: 1 op, 3600.00 ns, 3.6000 us/op
WorkloadActual  16: 1 op, 3000.00 ns, 3.0000 us/op
WorkloadActual  17: 1 op, 3000.00 ns, 3.0000 us/op
WorkloadActual  18: 1 op, 3000.00 ns, 3.0000 us/op
WorkloadActual  19: 1 op, 3000.00 ns, 3.0000 us/op
WorkloadActual  20: 1 op, 2900.00 ns, 2.9000 us/op
WorkloadActual  21: 1 op, 3000.00 ns, 3.0000 us/op
WorkloadActual  22: 1 op, 2800.00 ns, 2.8000 us/op
WorkloadActual  23: 1 op, 3800.00 ns, 3.8000 us/op
WorkloadActual  24: 1 op, 3200.00 ns, 3.2000 us/op
WorkloadActual  25: 1 op, 3400.00 ns, 3.4000 us/op
WorkloadActual  26: 1 op, 3100.00 ns, 3.1000 us/op
WorkloadActual  27: 1 op, 3100.00 ns, 3.1000 us/op
WorkloadActual  28: 1 op, 3400.00 ns, 3.4000 us/op
WorkloadActual  29: 1 op, 3300.00 ns, 3.3000 us/op
WorkloadActual  30: 1 op, 3400.00 ns, 3.4000 us/op
WorkloadActual  31: 1 op, 3700.00 ns, 3.7000 us/op
WorkloadActual  32: 1 op, 6100.00 ns, 6.1000 us/op
WorkloadActual  33: 1 op, 3800.00 ns, 3.8000 us/op
WorkloadActual  34: 1 op, 3200.00 ns, 3.2000 us/op
WorkloadActual  35: 1 op, 3300.00 ns, 3.3000 us/op
WorkloadActual  36: 1 op, 3400.00 ns, 3.4000 us/op
WorkloadActual  37: 1 op, 3200.00 ns, 3.2000 us/op
WorkloadActual  38: 1 op, 3200.00 ns, 3.2000 us/op
WorkloadActual  39: 1 op, 3400.00 ns, 3.4000 us/op
WorkloadActual  40: 1 op, 3800.00 ns, 3.8000 us/op
WorkloadActual  41: 1 op, 3200.00 ns, 3.2000 us/op
WorkloadActual  42: 1 op, 3100.00 ns, 3.1000 us/op
WorkloadActual  43: 1 op, 3300.00 ns, 3.3000 us/op
WorkloadActual  44: 1 op, 3200.00 ns, 3.2000 us/op
WorkloadActual  45: 1 op, 3300.00 ns, 3.3000 us/op
WorkloadActual  46: 1 op, 7300.00 ns, 7.3000 us/op
WorkloadActual  47: 1 op, 15500.00 ns, 15.5000 us/op
WorkloadActual  48: 1 op, 4800.00 ns, 4.8000 us/op
WorkloadActual  49: 1 op, 4100.00 ns, 4.1000 us/op
WorkloadActual  50: 1 op, 4600.00 ns, 4.6000 us/op
WorkloadActual  51: 1 op, 3300.00 ns, 3.3000 us/op
WorkloadActual  52: 1 op, 3200.00 ns, 3.2000 us/op
WorkloadActual  53: 1 op, 3200.00 ns, 3.2000 us/op
WorkloadActual  54: 1 op, 4000.00 ns, 4.0000 us/op
WorkloadActual  55: 1 op, 3400.00 ns, 3.4000 us/op
WorkloadActual  56: 1 op, 3700.00 ns, 3.7000 us/op
WorkloadActual  57: 1 op, 3200.00 ns, 3.2000 us/op
WorkloadActual  58: 1 op, 3300.00 ns, 3.3000 us/op
WorkloadActual  59: 1 op, 3000.00 ns, 3.0000 us/op
WorkloadActual  60: 1 op, 3300.00 ns, 3.3000 us/op
WorkloadActual  61: 1 op, 3200.00 ns, 3.2000 us/op
WorkloadActual  62: 1 op, 3100.00 ns, 3.1000 us/op
WorkloadActual  63: 1 op, 3100.00 ns, 3.1000 us/op
WorkloadActual  64: 1 op, 3700.00 ns, 3.7000 us/op
WorkloadActual  65: 1 op, 3200.00 ns, 3.2000 us/op
WorkloadActual  66: 1 op, 18600.00 ns, 18.6000 us/op
WorkloadActual  67: 1 op, 4000.00 ns, 4.0000 us/op
WorkloadActual  68: 1 op, 3400.00 ns, 3.4000 us/op
WorkloadActual  69: 1 op, 3100.00 ns, 3.1000 us/op
WorkloadActual  70: 1 op, 3400.00 ns, 3.4000 us/op
WorkloadActual  71: 1 op, 3200.00 ns, 3.2000 us/op
WorkloadActual  72: 1 op, 3400.00 ns, 3.4000 us/op
WorkloadActual  73: 1 op, 3700.00 ns, 3.7000 us/op
WorkloadActual  74: 1 op, 3300.00 ns, 3.3000 us/op
WorkloadActual  75: 1 op, 4800.00 ns, 4.8000 us/op
WorkloadActual  76: 1 op, 3900.00 ns, 3.9000 us/op
WorkloadActual  77: 1 op, 3500.00 ns, 3.5000 us/op
WorkloadActual  78: 1 op, 3400.00 ns, 3.4000 us/op
WorkloadActual  79: 1 op, 3100.00 ns, 3.1000 us/op
WorkloadActual  80: 1 op, 3200.00 ns, 3.2000 us/op
WorkloadActual  81: 1 op, 4100.00 ns, 4.1000 us/op
WorkloadActual  82: 1 op, 4000.00 ns, 4.0000 us/op
WorkloadActual  83: 1 op, 3900.00 ns, 3.9000 us/op
WorkloadActual  84: 1 op, 3300.00 ns, 3.3000 us/op
WorkloadActual  85: 1 op, 3200.00 ns, 3.2000 us/op
WorkloadActual  86: 1 op, 3200.00 ns, 3.2000 us/op
WorkloadActual  87: 1 op, 3900.00 ns, 3.9000 us/op
WorkloadActual  88: 1 op, 3300.00 ns, 3.3000 us/op
WorkloadActual  89: 1 op, 3100.00 ns, 3.1000 us/op
WorkloadActual  90: 1 op, 3100.00 ns, 3.1000 us/op
WorkloadActual  91: 1 op, 3800.00 ns, 3.8000 us/op
WorkloadActual  92: 1 op, 4100.00 ns, 4.1000 us/op
WorkloadActual  93: 1 op, 3900.00 ns, 3.9000 us/op
WorkloadActual  94: 1 op, 3400.00 ns, 3.4000 us/op
WorkloadActual  95: 1 op, 4000.00 ns, 4.0000 us/op
WorkloadActual  96: 1 op, 3400.00 ns, 3.4000 us/op
WorkloadActual  97: 1 op, 5000.00 ns, 5.0000 us/op
WorkloadActual  98: 1 op, 4000.00 ns, 4.0000 us/op
WorkloadActual  99: 1 op, 4200.00 ns, 4.2000 us/op
WorkloadActual  100: 1 op, 3300.00 ns, 3.3000 us/op

// AfterActualRun
WorkloadResult   1: 1 op, 3600.00 ns, 3.6000 us/op
WorkloadResult   2: 1 op, 3700.00 ns, 3.7000 us/op
WorkloadResult   3: 1 op, 2800.00 ns, 2.8000 us/op
WorkloadResult   4: 1 op, 4300.00 ns, 4.3000 us/op
WorkloadResult   5: 1 op, 4100.00 ns, 4.1000 us/op
WorkloadResult   6: 1 op, 3000.00 ns, 3.0000 us/op
WorkloadResult   7: 1 op, 3300.00 ns, 3.3000 us/op
WorkloadResult   8: 1 op, 2900.00 ns, 2.9000 us/op
WorkloadResult   9: 1 op, 2800.00 ns, 2.8000 us/op
WorkloadResult  10: 1 op, 2700.00 ns, 2.7000 us/op
WorkloadResult  11: 1 op, 2700.00 ns, 2.7000 us/op
WorkloadResult  12: 1 op, 3000.00 ns, 3.0000 us/op
WorkloadResult  13: 1 op, 2900.00 ns, 2.9000 us/op
WorkloadResult  14: 1 op, 2900.00 ns, 2.9000 us/op
WorkloadResult  15: 1 op, 3400.00 ns, 3.4000 us/op
WorkloadResult  16: 1 op, 2800.00 ns, 2.8000 us/op
WorkloadResult  17: 1 op, 2800.00 ns, 2.8000 us/op
WorkloadResult  18: 1 op, 2800.00 ns, 2.8000 us/op
WorkloadResult  19: 1 op, 2800.00 ns, 2.8000 us/op
WorkloadResult  20: 1 op, 2700.00 ns, 2.7000 us/op
WorkloadResult  21: 1 op, 2800.00 ns, 2.8000 us/op
WorkloadResult  22: 1 op, 2600.00 ns, 2.6000 us/op
WorkloadResult  23: 1 op, 3600.00 ns, 3.6000 us/op
WorkloadResult  24: 1 op, 3000.00 ns, 3.0000 us/op
WorkloadResult  25: 1 op, 3200.00 ns, 3.2000 us/op
WorkloadResult  26: 1 op, 2900.00 ns, 2.9000 us/op
WorkloadResult  27: 1 op, 2900.00 ns, 2.9000 us/op
WorkloadResult  28: 1 op, 3200.00 ns, 3.2000 us/op
WorkloadResult  29: 1 op, 3100.00 ns, 3.1000 us/op
WorkloadResult  30: 1 op, 3200.00 ns, 3.2000 us/op
WorkloadResult  31: 1 op, 3500.00 ns, 3.5000 us/op
WorkloadResult  32: 1 op, 3600.00 ns, 3.6000 us/op
WorkloadResult  33: 1 op, 3000.00 ns, 3.0000 us/op
WorkloadResult  34: 1 op, 3100.00 ns, 3.1000 us/op
WorkloadResult  35: 1 op, 3200.00 ns, 3.2000 us/op
WorkloadResult  36: 1 op, 3000.00 ns, 3.0000 us/op
WorkloadResult  37: 1 op, 3000.00 ns, 3.0000 us/op
WorkloadResult  38: 1 op, 3200.00 ns, 3.2000 us/op
WorkloadResult  39: 1 op, 3600.00 ns, 3.6000 us/op
WorkloadResult  40: 1 op, 3000.00 ns, 3.0000 us/op
WorkloadResult  41: 1 op, 2900.00 ns, 2.9000 us/op
WorkloadResult  42: 1 op, 3100.00 ns, 3.1000 us/op
WorkloadResult  43: 1 op, 3000.00 ns, 3.0000 us/op
WorkloadResult  44: 1 op, 3100.00 ns, 3.1000 us/op
WorkloadResult  45: 1 op, 3900.00 ns, 3.9000 us/op
WorkloadResult  46: 1 op, 4400.00 ns, 4.4000 us/op
WorkloadResult  47: 1 op, 3100.00 ns, 3.1000 us/op
WorkloadResult  48: 1 op, 3000.00 ns, 3.0000 us/op
WorkloadResult  49: 1 op, 3000.00 ns, 3.0000 us/op
WorkloadResult  50: 1 op, 3800.00 ns, 3.8000 us/op
WorkloadResult  51: 1 op, 3200.00 ns, 3.2000 us/op
WorkloadResult  52: 1 op, 3500.00 ns, 3.5000 us/op
WorkloadResult  53: 1 op, 3000.00 ns, 3.0000 us/op
WorkloadResult  54: 1 op, 3100.00 ns, 3.1000 us/op
WorkloadResult  55: 1 op, 2800.00 ns, 2.8000 us/op
WorkloadResult  56: 1 op, 3100.00 ns, 3.1000 us/op
WorkloadResult  57: 1 op, 3000.00 ns, 3.0000 us/op
WorkloadResult  58: 1 op, 2900.00 ns, 2.9000 us/op
WorkloadResult  59: 1 op, 2900.00 ns, 2.9000 us/op
WorkloadResult  60: 1 op, 3500.00 ns, 3.5000 us/op
WorkloadResult  61: 1 op, 3000.00 ns, 3.0000 us/op
WorkloadResult  62: 1 op, 3800.00 ns, 3.8000 us/op
WorkloadResult  63: 1 op, 3200.00 ns, 3.2000 us/op
WorkloadResult  64: 1 op, 2900.00 ns, 2.9000 us/op
WorkloadResult  65: 1 op, 3200.00 ns, 3.2000 us/op
WorkloadResult  66: 1 op, 3000.00 ns, 3.0000 us/op
WorkloadResult  67: 1 op, 3200.00 ns, 3.2000 us/op
WorkloadResult  68: 1 op, 3500.00 ns, 3.5000 us/op
WorkloadResult  69: 1 op, 3100.00 ns, 3.1000 us/op
WorkloadResult  70: 1 op, 3700.00 ns, 3.7000 us/op
WorkloadResult  71: 1 op, 3300.00 ns, 3.3000 us/op
WorkloadResult  72: 1 op, 3200.00 ns, 3.2000 us/op
WorkloadResult  73: 1 op, 2900.00 ns, 2.9000 us/op
WorkloadResult  74: 1 op, 3000.00 ns, 3.0000 us/op
WorkloadResult  75: 1 op, 3900.00 ns, 3.9000 us/op
WorkloadResult  76: 1 op, 3800.00 ns, 3.8000 us/op
WorkloadResult  77: 1 op, 3700.00 ns, 3.7000 us/op
WorkloadResult  78: 1 op, 3100.00 ns, 3.1000 us/op
WorkloadResult  79: 1 op, 3000.00 ns, 3.0000 us/op
WorkloadResult  80: 1 op, 3000.00 ns, 3.0000 us/op
WorkloadResult  81: 1 op, 3700.00 ns, 3.7000 us/op
WorkloadResult  82: 1 op, 3100.00 ns, 3.1000 us/op
WorkloadResult  83: 1 op, 2900.00 ns, 2.9000 us/op
WorkloadResult  84: 1 op, 2900.00 ns, 2.9000 us/op
WorkloadResult  85: 1 op, 3600.00 ns, 3.6000 us/op
WorkloadResult  86: 1 op, 3900.00 ns, 3.9000 us/op
WorkloadResult  87: 1 op, 3700.00 ns, 3.7000 us/op
WorkloadResult  88: 1 op, 3200.00 ns, 3.2000 us/op
WorkloadResult  89: 1 op, 3800.00 ns, 3.8000 us/op
WorkloadResult  90: 1 op, 3200.00 ns, 3.2000 us/op
WorkloadResult  91: 1 op, 3800.00 ns, 3.8000 us/op
WorkloadResult  92: 1 op, 4000.00 ns, 4.0000 us/op
WorkloadResult  93: 1 op, 3100.00 ns, 3.1000 us/op
// GC:  0 0 0 104 1
// Threading:  0 0 1

// AfterAll
// Benchmark Process 30840 has exited with code 0.

Mean = 3.219 μs, StdErr = 0.041 μs (1.26%), N = 93, StdDev = 0.391 μs
Min = 2.600 μs, Q1 = 2.900 μs, Median = 3.100 μs, Q3 = 3.500 μs, Max = 4.400 μs
IQR = 0.600 μs, LowerFence = 2.000 μs, UpperFence = 4.400 μs
ConfidenceInterval = [3.082 μs; 3.357 μs] (CI 99.9%), Margin = 0.138 μs (4.28% of Mean)
Skewness = 0.91, Kurtosis = 3.07, MValue = 2.65

// ** Remained 8 (88,9%) benchmark(s) to run. Estimated finish 2026-06-28 14:52 (0h 0m from now) **
Setup power plan (GUID: 8c5e7fda-e8bf-4a96-9a85-a6e23a8c635c FriendlyName: Alto desempenho)
// **************************
// Benchmark: DominioBenchmarks.StatusAgendamento_PodeTransitar_Valido: Job-CNUJVU(InvocationCount=1, UnrollFactor=1)
// *** Execute ***
// Launch: 1 / 1
// Execute: dotnet TruckFlow.Benchmarks-Job-CNUJVU-1.dll --anonymousPipes 1404 1112 --benchmarkName TruckFlow.Benchmarks.Benchmarks.DominioBenchmarks.StatusAgendamento_PodeTransitar_Valido --job "InvocationCount=1, UnrollFactor=1" --benchmarkId 1 in C:\Users\User\Documents\GitHub\TruckFlow\src\TruckFlowApi\TruckFlow.Benchmarks\bin\Release\net8.0\TruckFlow.Benchmarks-Job-CNUJVU-1\bin\Release\net8.0
// BeforeAnythingElse

// Benchmark Process Environment Information:
// BenchmarkDotNet v0.15.8
// Runtime=.NET 8.0.19 (8.0.19, 8.0.1925.36514), X64 RyuJIT x86-64-v3
// GC=Concurrent Workstation
// HardwareIntrinsics=AVX2+BMI1+BMI2+F16C+FMA+LZCNT+MOVBE,AVX,SSE3+SSSE3+SSE4.1+SSE4.2+POPCNT,X86Base+SSE+SSE2,AES+PCLMUL VectorSize=256
// Job: Job-CNUJVU(InvocationCount=1, UnrollFactor=1)

OverheadJitting  1: 1 op, 116700.00 ns, 116.7000 us/op
WorkloadJitting  1: 1 op, 201200.00 ns, 201.2000 us/op

OverheadWarmup   1: 1 op, 300.00 ns, 300.0000 ns/op
OverheadWarmup   2: 1 op, 200.00 ns, 200.0000 ns/op
OverheadWarmup   3: 1 op, 100.00 ns, 100.0000 ns/op
OverheadWarmup   4: 1 op, 100.00 ns, 100.0000 ns/op
OverheadWarmup   5: 1 op, 200.00 ns, 200.0000 ns/op
OverheadWarmup   6: 1 op, 100.00 ns, 100.0000 ns/op
OverheadWarmup   7: 1 op, 100.00 ns, 100.0000 ns/op

OverheadActual   1: 1 op, 300.00 ns, 300.0000 ns/op
OverheadActual   2: 1 op, 300.00 ns, 300.0000 ns/op
OverheadActual   3: 1 op, 200.00 ns, 200.0000 ns/op
OverheadActual   4: 1 op, 100.00 ns, 100.0000 ns/op
OverheadActual   5: 1 op, 100.00 ns, 100.0000 ns/op
OverheadActual   6: 1 op, 100.00 ns, 100.0000 ns/op
OverheadActual   7: 1 op, 200.00 ns, 200.0000 ns/op
OverheadActual   8: 1 op, 200.00 ns, 200.0000 ns/op
OverheadActual   9: 1 op, 100.00 ns, 100.0000 ns/op
OverheadActual  10: 1 op, 100.00 ns, 100.0000 ns/op
OverheadActual  11: 1 op, 200.00 ns, 200.0000 ns/op
OverheadActual  12: 1 op, 100.00 ns, 100.0000 ns/op
OverheadActual  13: 1 op, 100.00 ns, 100.0000 ns/op
OverheadActual  14: 1 op, 100.00 ns, 100.0000 ns/op
OverheadActual  15: 1 op, 100.00 ns, 100.0000 ns/op
OverheadActual  16: 1 op, 100.00 ns, 100.0000 ns/op
OverheadActual  17: 1 op, 100.00 ns, 100.0000 ns/op
OverheadActual  18: 1 op, 200.00 ns, 200.0000 ns/op
OverheadActual  19: 1 op, 200.00 ns, 200.0000 ns/op
OverheadActual  20: 1 op, 100.00 ns, 100.0000 ns/op

WorkloadWarmup   1: 1 op, 300.00 ns, 300.0000 ns/op
WorkloadWarmup   2: 1 op, 200.00 ns, 200.0000 ns/op
WorkloadWarmup   3: 1 op, 100.00 ns, 100.0000 ns/op
WorkloadWarmup   4: 1 op, 200.00 ns, 200.0000 ns/op
WorkloadWarmup   5: 1 op, 300.00 ns, 300.0000 ns/op
WorkloadWarmup   6: 1 op, 100.00 ns, 100.0000 ns/op
WorkloadWarmup   7: 1 op, 200.00 ns, 200.0000 ns/op
WorkloadWarmup   8: 1 op, 200.00 ns, 200.0000 ns/op

// BeforeActualRun
WorkloadActual   1: 1 op, 300.00 ns, 300.0000 ns/op
WorkloadActual   2: 1 op, 200.00 ns, 200.0000 ns/op
WorkloadActual   3: 1 op, 300.00 ns, 300.0000 ns/op
WorkloadActual   4: 1 op, 200.00 ns, 200.0000 ns/op
WorkloadActual   5: 1 op, 300.00 ns, 300.0000 ns/op
WorkloadActual   6: 1 op, 200.00 ns, 200.0000 ns/op
WorkloadActual   7: 1 op, 200.00 ns, 200.0000 ns/op
WorkloadActual   8: 1 op, 200.00 ns, 200.0000 ns/op
WorkloadActual   9: 1 op, 300.00 ns, 300.0000 ns/op
WorkloadActual  10: 1 op, 200.00 ns, 200.0000 ns/op
WorkloadActual  11: 1 op, 300.00 ns, 300.0000 ns/op
WorkloadActual  12: 1 op, 300.00 ns, 300.0000 ns/op
WorkloadActual  13: 1 op, 200.00 ns, 200.0000 ns/op
WorkloadActual  14: 1 op, 300.00 ns, 300.0000 ns/op
WorkloadActual  15: 1 op, 200.00 ns, 200.0000 ns/op
WorkloadActual  16: 1 op, 200.00 ns, 200.0000 ns/op
WorkloadActual  17: 1 op, 300.00 ns, 300.0000 ns/op
WorkloadActual  18: 1 op, 300.00 ns, 300.0000 ns/op
WorkloadActual  19: 1 op, 200.00 ns, 200.0000 ns/op
WorkloadActual  20: 1 op, 200.00 ns, 200.0000 ns/op
WorkloadActual  21: 1 op, 200.00 ns, 200.0000 ns/op
WorkloadActual  22: 1 op, 300.00 ns, 300.0000 ns/op
WorkloadActual  23: 1 op, 200.00 ns, 200.0000 ns/op
WorkloadActual  24: 1 op, 200.00 ns, 200.0000 ns/op
WorkloadActual  25: 1 op, 200.00 ns, 200.0000 ns/op
WorkloadActual  26: 1 op, 400.00 ns, 400.0000 ns/op
WorkloadActual  27: 1 op, 200.00 ns, 200.0000 ns/op
WorkloadActual  28: 1 op, 200.00 ns, 200.0000 ns/op
WorkloadActual  29: 1 op, 200.00 ns, 200.0000 ns/op
WorkloadActual  30: 1 op, 200.00 ns, 200.0000 ns/op
WorkloadActual  31: 1 op, 200.00 ns, 200.0000 ns/op
WorkloadActual  32: 1 op, 200.00 ns, 200.0000 ns/op
WorkloadActual  33: 1 op, 300.00 ns, 300.0000 ns/op
WorkloadActual  34: 1 op, 200.00 ns, 200.0000 ns/op
WorkloadActual  35: 1 op, 300.00 ns, 300.0000 ns/op
WorkloadActual  36: 1 op, 200.00 ns, 200.0000 ns/op
WorkloadActual  37: 1 op, 200.00 ns, 200.0000 ns/op
WorkloadActual  38: 1 op, 200.00 ns, 200.0000 ns/op
WorkloadActual  39: 1 op, 300.00 ns, 300.0000 ns/op
WorkloadActual  40: 1 op, 300.00 ns, 300.0000 ns/op
WorkloadActual  41: 1 op, 300.00 ns, 300.0000 ns/op
WorkloadActual  42: 1 op, 300.00 ns, 300.0000 ns/op
WorkloadActual  43: 1 op, 300.00 ns, 300.0000 ns/op
WorkloadActual  44: 1 op, 300.00 ns, 300.0000 ns/op
WorkloadActual  45: 1 op, 300.00 ns, 300.0000 ns/op
WorkloadActual  46: 1 op, 300.00 ns, 300.0000 ns/op
WorkloadActual  47: 1 op, 200.00 ns, 200.0000 ns/op
WorkloadActual  48: 1 op, 300.00 ns, 300.0000 ns/op
WorkloadActual  49: 1 op, 200.00 ns, 200.0000 ns/op
WorkloadActual  50: 1 op, 200.00 ns, 200.0000 ns/op
WorkloadActual  51: 1 op, 200.00 ns, 200.0000 ns/op
WorkloadActual  52: 1 op, 300.00 ns, 300.0000 ns/op
WorkloadActual  53: 1 op, 200.00 ns, 200.0000 ns/op
WorkloadActual  54: 1 op, 300.00 ns, 300.0000 ns/op
WorkloadActual  55: 1 op, 300.00 ns, 300.0000 ns/op
WorkloadActual  56: 1 op, 300.00 ns, 300.0000 ns/op
WorkloadActual  57: 1 op, 300.00 ns, 300.0000 ns/op
WorkloadActual  58: 1 op, 200.00 ns, 200.0000 ns/op
WorkloadActual  59: 1 op, 200.00 ns, 200.0000 ns/op
WorkloadActual  60: 1 op, 300.00 ns, 300.0000 ns/op
WorkloadActual  61: 1 op, 200.00 ns, 200.0000 ns/op
WorkloadActual  62: 1 op, 300.00 ns, 300.0000 ns/op
WorkloadActual  63: 1 op, 200.00 ns, 200.0000 ns/op
WorkloadActual  64: 1 op, 200.00 ns, 200.0000 ns/op
WorkloadActual  65: 1 op, 200.00 ns, 200.0000 ns/op
WorkloadActual  66: 1 op, 200.00 ns, 200.0000 ns/op
WorkloadActual  67: 1 op, 200.00 ns, 200.0000 ns/op
WorkloadActual  68: 1 op, 300.00 ns, 300.0000 ns/op
WorkloadActual  69: 1 op, 200.00 ns, 200.0000 ns/op
WorkloadActual  70: 1 op, 200.00 ns, 200.0000 ns/op
WorkloadActual  71: 1 op, 300.00 ns, 300.0000 ns/op
WorkloadActual  72: 1 op, 400.00 ns, 400.0000 ns/op
WorkloadActual  73: 1 op, 300.00 ns, 300.0000 ns/op
WorkloadActual  74: 1 op, 300.00 ns, 300.0000 ns/op
WorkloadActual  75: 1 op, 200.00 ns, 200.0000 ns/op
WorkloadActual  76: 1 op, 200.00 ns, 200.0000 ns/op
WorkloadActual  77: 1 op, 200.00 ns, 200.0000 ns/op
WorkloadActual  78: 1 op, 200.00 ns, 200.0000 ns/op
WorkloadActual  79: 1 op, 300.00 ns, 300.0000 ns/op
WorkloadActual  80: 1 op, 200.00 ns, 200.0000 ns/op
WorkloadActual  81: 1 op, 200.00 ns, 200.0000 ns/op
WorkloadActual  82: 1 op, 200.00 ns, 200.0000 ns/op
WorkloadActual  83: 1 op, 200.00 ns, 200.0000 ns/op
WorkloadActual  84: 1 op, 200.00 ns, 200.0000 ns/op
WorkloadActual  85: 1 op, 200.00 ns, 200.0000 ns/op
WorkloadActual  86: 1 op, 200.00 ns, 200.0000 ns/op
WorkloadActual  87: 1 op, 200.00 ns, 200.0000 ns/op
WorkloadActual  88: 1 op, 200.00 ns, 200.0000 ns/op
WorkloadActual  89: 1 op, 200.00 ns, 200.0000 ns/op
WorkloadActual  90: 1 op, 200.00 ns, 200.0000 ns/op
WorkloadActual  91: 1 op, 300.00 ns, 300.0000 ns/op
WorkloadActual  92: 1 op, 200.00 ns, 200.0000 ns/op
WorkloadActual  93: 1 op, 300.00 ns, 300.0000 ns/op
WorkloadActual  94: 1 op, 200.00 ns, 200.0000 ns/op
WorkloadActual  95: 1 op, 200.00 ns, 200.0000 ns/op
WorkloadActual  96: 1 op, 300.00 ns, 300.0000 ns/op
WorkloadActual  97: 1 op, 300.00 ns, 300.0000 ns/op
WorkloadActual  98: 1 op, 200.00 ns, 200.0000 ns/op
WorkloadActual  99: 1 op, 200.00 ns, 200.0000 ns/op
WorkloadActual  100: 1 op, 200.00 ns, 200.0000 ns/op

// AfterActualRun
WorkloadResult   1: 1 op, 200.00 ns, 200.0000 ns/op
WorkloadResult   2: 1 op, 100.00 ns, 100.0000 ns/op
WorkloadResult   3: 1 op, 200.00 ns, 200.0000 ns/op
WorkloadResult   4: 1 op, 100.00 ns, 100.0000 ns/op
WorkloadResult   5: 1 op, 200.00 ns, 200.0000 ns/op
WorkloadResult   6: 1 op, 100.00 ns, 100.0000 ns/op
WorkloadResult   7: 1 op, 100.00 ns, 100.0000 ns/op
WorkloadResult   8: 1 op, 100.00 ns, 100.0000 ns/op
WorkloadResult   9: 1 op, 200.00 ns, 200.0000 ns/op
WorkloadResult  10: 1 op, 100.00 ns, 100.0000 ns/op
WorkloadResult  11: 1 op, 200.00 ns, 200.0000 ns/op
WorkloadResult  12: 1 op, 200.00 ns, 200.0000 ns/op
WorkloadResult  13: 1 op, 100.00 ns, 100.0000 ns/op
WorkloadResult  14: 1 op, 200.00 ns, 200.0000 ns/op
WorkloadResult  15: 1 op, 100.00 ns, 100.0000 ns/op
WorkloadResult  16: 1 op, 100.00 ns, 100.0000 ns/op
WorkloadResult  17: 1 op, 200.00 ns, 200.0000 ns/op
WorkloadResult  18: 1 op, 200.00 ns, 200.0000 ns/op
WorkloadResult  19: 1 op, 100.00 ns, 100.0000 ns/op
WorkloadResult  20: 1 op, 100.00 ns, 100.0000 ns/op
WorkloadResult  21: 1 op, 100.00 ns, 100.0000 ns/op
WorkloadResult  22: 1 op, 200.00 ns, 200.0000 ns/op
WorkloadResult  23: 1 op, 100.00 ns, 100.0000 ns/op
WorkloadResult  24: 1 op, 100.00 ns, 100.0000 ns/op
WorkloadResult  25: 1 op, 100.00 ns, 100.0000 ns/op
WorkloadResult  26: 1 op, 300.00 ns, 300.0000 ns/op
WorkloadResult  27: 1 op, 100.00 ns, 100.0000 ns/op
WorkloadResult  28: 1 op, 100.00 ns, 100.0000 ns/op
WorkloadResult  29: 1 op, 100.00 ns, 100.0000 ns/op
WorkloadResult  30: 1 op, 100.00 ns, 100.0000 ns/op
WorkloadResult  31: 1 op, 100.00 ns, 100.0000 ns/op
WorkloadResult  32: 1 op, 100.00 ns, 100.0000 ns/op
WorkloadResult  33: 1 op, 200.00 ns, 200.0000 ns/op
WorkloadResult  34: 1 op, 100.00 ns, 100.0000 ns/op
WorkloadResult  35: 1 op, 200.00 ns, 200.0000 ns/op
WorkloadResult  36: 1 op, 100.00 ns, 100.0000 ns/op
WorkloadResult  37: 1 op, 100.00 ns, 100.0000 ns/op
WorkloadResult  38: 1 op, 100.00 ns, 100.0000 ns/op
WorkloadResult  39: 1 op, 200.00 ns, 200.0000 ns/op
WorkloadResult  40: 1 op, 200.00 ns, 200.0000 ns/op
WorkloadResult  41: 1 op, 200.00 ns, 200.0000 ns/op
WorkloadResult  42: 1 op, 200.00 ns, 200.0000 ns/op
WorkloadResult  43: 1 op, 200.00 ns, 200.0000 ns/op
WorkloadResult  44: 1 op, 200.00 ns, 200.0000 ns/op
WorkloadResult  45: 1 op, 200.00 ns, 200.0000 ns/op
WorkloadResult  46: 1 op, 200.00 ns, 200.0000 ns/op
WorkloadResult  47: 1 op, 100.00 ns, 100.0000 ns/op
WorkloadResult  48: 1 op, 200.00 ns, 200.0000 ns/op
WorkloadResult  49: 1 op, 100.00 ns, 100.0000 ns/op
WorkloadResult  50: 1 op, 100.00 ns, 100.0000 ns/op
WorkloadResult  51: 1 op, 100.00 ns, 100.0000 ns/op
WorkloadResult  52: 1 op, 200.00 ns, 200.0000 ns/op
WorkloadResult  53: 1 op, 100.00 ns, 100.0000 ns/op
WorkloadResult  54: 1 op, 200.00 ns, 200.0000 ns/op
WorkloadResult  55: 1 op, 200.00 ns, 200.0000 ns/op
WorkloadResult  56: 1 op, 200.00 ns, 200.0000 ns/op
WorkloadResult  57: 1 op, 200.00 ns, 200.0000 ns/op
WorkloadResult  58: 1 op, 100.00 ns, 100.0000 ns/op
WorkloadResult  59: 1 op, 100.00 ns, 100.0000 ns/op
WorkloadResult  60: 1 op, 200.00 ns, 200.0000 ns/op
WorkloadResult  61: 1 op, 100.00 ns, 100.0000 ns/op
WorkloadResult  62: 1 op, 200.00 ns, 200.0000 ns/op
WorkloadResult  63: 1 op, 100.00 ns, 100.0000 ns/op
WorkloadResult  64: 1 op, 100.00 ns, 100.0000 ns/op
WorkloadResult  65: 1 op, 100.00 ns, 100.0000 ns/op
WorkloadResult  66: 1 op, 100.00 ns, 100.0000 ns/op
WorkloadResult  67: 1 op, 100.00 ns, 100.0000 ns/op
WorkloadResult  68: 1 op, 200.00 ns, 200.0000 ns/op
WorkloadResult  69: 1 op, 100.00 ns, 100.0000 ns/op
WorkloadResult  70: 1 op, 100.00 ns, 100.0000 ns/op
WorkloadResult  71: 1 op, 200.00 ns, 200.0000 ns/op
WorkloadResult  72: 1 op, 300.00 ns, 300.0000 ns/op
WorkloadResult  73: 1 op, 200.00 ns, 200.0000 ns/op
WorkloadResult  74: 1 op, 200.00 ns, 200.0000 ns/op
WorkloadResult  75: 1 op, 100.00 ns, 100.0000 ns/op
WorkloadResult  76: 1 op, 100.00 ns, 100.0000 ns/op
WorkloadResult  77: 1 op, 100.00 ns, 100.0000 ns/op
WorkloadResult  78: 1 op, 100.00 ns, 100.0000 ns/op
WorkloadResult  79: 1 op, 200.00 ns, 200.0000 ns/op
WorkloadResult  80: 1 op, 100.00 ns, 100.0000 ns/op
WorkloadResult  81: 1 op, 100.00 ns, 100.0000 ns/op
WorkloadResult  82: 1 op, 100.00 ns, 100.0000 ns/op
WorkloadResult  83: 1 op, 100.00 ns, 100.0000 ns/op
WorkloadResult  84: 1 op, 100.00 ns, 100.0000 ns/op
WorkloadResult  85: 1 op, 100.00 ns, 100.0000 ns/op
WorkloadResult  86: 1 op, 100.00 ns, 100.0000 ns/op
WorkloadResult  87: 1 op, 100.00 ns, 100.0000 ns/op
WorkloadResult  88: 1 op, 100.00 ns, 100.0000 ns/op
WorkloadResult  89: 1 op, 100.00 ns, 100.0000 ns/op
WorkloadResult  90: 1 op, 100.00 ns, 100.0000 ns/op
WorkloadResult  91: 1 op, 200.00 ns, 200.0000 ns/op
WorkloadResult  92: 1 op, 100.00 ns, 100.0000 ns/op
WorkloadResult  93: 1 op, 200.00 ns, 200.0000 ns/op
WorkloadResult  94: 1 op, 100.00 ns, 100.0000 ns/op
WorkloadResult  95: 1 op, 100.00 ns, 100.0000 ns/op
WorkloadResult  96: 1 op, 200.00 ns, 200.0000 ns/op
WorkloadResult  97: 1 op, 200.00 ns, 200.0000 ns/op
WorkloadResult  98: 1 op, 100.00 ns, 100.0000 ns/op
WorkloadResult  99: 1 op, 100.00 ns, 100.0000 ns/op
WorkloadResult  100: 1 op, 100.00 ns, 100.0000 ns/op
// GC:  0 0 0 0 1
// Threading:  0 0 1

// AfterAll
// Benchmark Process 27584 has exited with code 0.

Mean = 141.000 ns, StdErr = 5.336 ns (3.78%), N = 100, StdDev = 53.362 ns
Min = 100.000 ns, Q1 = 100.000 ns, Median = 100.000 ns, Q3 = 200.000 ns, Max = 300.000 ns
IQR = 100.000 ns, LowerFence = -50.000 ns, UpperFence = 350.000 ns
ConfidenceInterval = [122.902 ns; 159.098 ns] (CI 99.9%), Margin = 18.098 ns (12.84% of Mean)
Skewness = 0.75, Kurtosis = 2.34, MValue = 3.28

// ** Remained 7 (77,8%) benchmark(s) to run. Estimated finish 2026-06-28 14:52 (0h 0m from now) **
Setup power plan (GUID: 8c5e7fda-e8bf-4a96-9a85-a6e23a8c635c FriendlyName: Alto desempenho)
// **************************
// Benchmark: DominioBenchmarks.StatusAgendamento_PodeTransitar_Invalido: Job-CNUJVU(InvocationCount=1, UnrollFactor=1)
// *** Execute ***
// Launch: 1 / 1
// Execute: dotnet TruckFlow.Benchmarks-Job-CNUJVU-1.dll --anonymousPipes 1136 1400 --benchmarkName TruckFlow.Benchmarks.Benchmarks.DominioBenchmarks.StatusAgendamento_PodeTransitar_Invalido --job "InvocationCount=1, UnrollFactor=1" --benchmarkId 2 in C:\Users\User\Documents\GitHub\TruckFlow\src\TruckFlowApi\TruckFlow.Benchmarks\bin\Release\net8.0\TruckFlow.Benchmarks-Job-CNUJVU-1\bin\Release\net8.0
// BeforeAnythingElse

// Benchmark Process Environment Information:
// BenchmarkDotNet v0.15.8
// Runtime=.NET 8.0.19 (8.0.19, 8.0.1925.36514), X64 RyuJIT x86-64-v3
// GC=Concurrent Workstation
// HardwareIntrinsics=AVX2+BMI1+BMI2+F16C+FMA+LZCNT+MOVBE,AVX,SSE3+SSSE3+SSE4.1+SSE4.2+POPCNT,X86Base+SSE+SSE2,AES+PCLMUL VectorSize=256
// Job: Job-CNUJVU(InvocationCount=1, UnrollFactor=1)

OverheadJitting  1: 1 op, 124300.00 ns, 124.3000 us/op
WorkloadJitting  1: 1 op, 232900.00 ns, 232.9000 us/op

OverheadWarmup   1: 1 op, 300.00 ns, 300.0000 ns/op
OverheadWarmup   2: 1 op, 100.00 ns, 100.0000 ns/op
OverheadWarmup   3: 1 op, 200.00 ns, 200.0000 ns/op
OverheadWarmup   4: 1 op, 200.00 ns, 200.0000 ns/op
OverheadWarmup   5: 1 op, 200.00 ns, 200.0000 ns/op
OverheadWarmup   6: 1 op, 200.00 ns, 200.0000 ns/op

OverheadActual   1: 1 op, 100.00 ns, 100.0000 ns/op
OverheadActual   2: 1 op, 100.00 ns, 100.0000 ns/op
OverheadActual   3: 1 op, 200.00 ns, 200.0000 ns/op
OverheadActual   4: 1 op, 200.00 ns, 200.0000 ns/op
OverheadActual   5: 1 op, 100.00 ns, 100.0000 ns/op
OverheadActual   6: 1 op, 100.00 ns, 100.0000 ns/op
OverheadActual   7: 1 op, 100.00 ns, 100.0000 ns/op
OverheadActual   8: 1 op, 100.00 ns, 100.0000 ns/op
OverheadActual   9: 1 op, 100.00 ns, 100.0000 ns/op
OverheadActual  10: 1 op, 100.00 ns, 100.0000 ns/op
OverheadActual  11: 1 op, 100.00 ns, 100.0000 ns/op
OverheadActual  12: 1 op, 100.00 ns, 100.0000 ns/op
OverheadActual  13: 1 op, 100.00 ns, 100.0000 ns/op
OverheadActual  14: 1 op, 100.00 ns, 100.0000 ns/op
OverheadActual  15: 1 op, 100.00 ns, 100.0000 ns/op

WorkloadWarmup   1: 1 op, 300.00 ns, 300.0000 ns/op
WorkloadWarmup   2: 1 op, 200.00 ns, 200.0000 ns/op
WorkloadWarmup   3: 1 op, 200.00 ns, 200.0000 ns/op
WorkloadWarmup   4: 1 op, 200.00 ns, 200.0000 ns/op
WorkloadWarmup   5: 1 op, 200.00 ns, 200.0000 ns/op
WorkloadWarmup   6: 1 op, 200.00 ns, 200.0000 ns/op

// BeforeActualRun
WorkloadActual   1: 1 op, 300.00 ns, 300.0000 ns/op
WorkloadActual   2: 1 op, 300.00 ns, 300.0000 ns/op
WorkloadActual   3: 1 op, 300.00 ns, 300.0000 ns/op
WorkloadActual   4: 1 op, 300.00 ns, 300.0000 ns/op
WorkloadActual   5: 1 op, 200.00 ns, 200.0000 ns/op
WorkloadActual   6: 1 op, 200.00 ns, 200.0000 ns/op
WorkloadActual   7: 1 op, 200.00 ns, 200.0000 ns/op
WorkloadActual   8: 1 op, 400.00 ns, 400.0000 ns/op
WorkloadActual   9: 1 op, 300.00 ns, 300.0000 ns/op
WorkloadActual  10: 1 op, 300.00 ns, 300.0000 ns/op
WorkloadActual  11: 1 op, 100.00 ns, 100.0000 ns/op
WorkloadActual  12: 1 op, 200.00 ns, 200.0000 ns/op
WorkloadActual  13: 1 op, 200.00 ns, 200.0000 ns/op
WorkloadActual  14: 1 op, 300.00 ns, 300.0000 ns/op
WorkloadActual  15: 1 op, 200.00 ns, 200.0000 ns/op
WorkloadActual  16: 1 op, 200.00 ns, 200.0000 ns/op
WorkloadActual  17: 1 op, 200.00 ns, 200.0000 ns/op
WorkloadActual  18: 1 op, 200.00 ns, 200.0000 ns/op
WorkloadActual  19: 1 op, 200.00 ns, 200.0000 ns/op
WorkloadActual  20: 1 op, 200.00 ns, 200.0000 ns/op
WorkloadActual  21: 1 op, 200.00 ns, 200.0000 ns/op
WorkloadActual  22: 1 op, 200.00 ns, 200.0000 ns/op
WorkloadActual  23: 1 op, 200.00 ns, 200.0000 ns/op
WorkloadActual  24: 1 op, 200.00 ns, 200.0000 ns/op
WorkloadActual  25: 1 op, 200.00 ns, 200.0000 ns/op
WorkloadActual  26: 1 op, 200.00 ns, 200.0000 ns/op
WorkloadActual  27: 1 op, 200.00 ns, 200.0000 ns/op
WorkloadActual  28: 1 op, 200.00 ns, 200.0000 ns/op
WorkloadActual  29: 1 op, 200.00 ns, 200.0000 ns/op
WorkloadActual  30: 1 op, 300.00 ns, 300.0000 ns/op
WorkloadActual  31: 1 op, 200.00 ns, 200.0000 ns/op
WorkloadActual  32: 1 op, 300.00 ns, 300.0000 ns/op
WorkloadActual  33: 1 op, 200.00 ns, 200.0000 ns/op
WorkloadActual  34: 1 op, 300.00 ns, 300.0000 ns/op
WorkloadActual  35: 1 op, 300.00 ns, 300.0000 ns/op
WorkloadActual  36: 1 op, 200.00 ns, 200.0000 ns/op
WorkloadActual  37: 1 op, 200.00 ns, 200.0000 ns/op
WorkloadActual  38: 1 op, 200.00 ns, 200.0000 ns/op
WorkloadActual  39: 1 op, 200.00 ns, 200.0000 ns/op
WorkloadActual  40: 1 op, 200.00 ns, 200.0000 ns/op
WorkloadActual  41: 1 op, 200.00 ns, 200.0000 ns/op
WorkloadActual  42: 1 op, 200.00 ns, 200.0000 ns/op
WorkloadActual  43: 1 op, 300.00 ns, 300.0000 ns/op
WorkloadActual  44: 1 op, 200.00 ns, 200.0000 ns/op
WorkloadActual  45: 1 op, 200.00 ns, 200.0000 ns/op
WorkloadActual  46: 1 op, 200.00 ns, 200.0000 ns/op
WorkloadActual  47: 1 op, 200.00 ns, 200.0000 ns/op
WorkloadActual  48: 1 op, 300.00 ns, 300.0000 ns/op
WorkloadActual  49: 1 op, 200.00 ns, 200.0000 ns/op
WorkloadActual  50: 1 op, 200.00 ns, 200.0000 ns/op
WorkloadActual  51: 1 op, 200.00 ns, 200.0000 ns/op
WorkloadActual  52: 1 op, 300.00 ns, 300.0000 ns/op
WorkloadActual  53: 1 op, 200.00 ns, 200.0000 ns/op
WorkloadActual  54: 1 op, 200.00 ns, 200.0000 ns/op
WorkloadActual  55: 1 op, 200.00 ns, 200.0000 ns/op
WorkloadActual  56: 1 op, 200.00 ns, 200.0000 ns/op
WorkloadActual  57: 1 op, 300.00 ns, 300.0000 ns/op
WorkloadActual  58: 1 op, 200.00 ns, 200.0000 ns/op
WorkloadActual  59: 1 op, 300.00 ns, 300.0000 ns/op
WorkloadActual  60: 1 op, 200.00 ns, 200.0000 ns/op
WorkloadActual  61: 1 op, 300.00 ns, 300.0000 ns/op
WorkloadActual  62: 1 op, 300.00 ns, 300.0000 ns/op
WorkloadActual  63: 1 op, 200.00 ns, 200.0000 ns/op
WorkloadActual  64: 1 op, 200.00 ns, 200.0000 ns/op
WorkloadActual  65: 1 op, 200.00 ns, 200.0000 ns/op
WorkloadActual  66: 1 op, 200.00 ns, 200.0000 ns/op
WorkloadActual  67: 1 op, 200.00 ns, 200.0000 ns/op
WorkloadActual  68: 1 op, 200.00 ns, 200.0000 ns/op
WorkloadActual  69: 1 op, 200.00 ns, 200.0000 ns/op
WorkloadActual  70: 1 op, 300.00 ns, 300.0000 ns/op
WorkloadActual  71: 1 op, 300.00 ns, 300.0000 ns/op
WorkloadActual  72: 1 op, 200.00 ns, 200.0000 ns/op
WorkloadActual  73: 1 op, 200.00 ns, 200.0000 ns/op
WorkloadActual  74: 1 op, 100.00 ns, 100.0000 ns/op
WorkloadActual  75: 1 op, 200.00 ns, 200.0000 ns/op
WorkloadActual  76: 1 op, 200.00 ns, 200.0000 ns/op
WorkloadActual  77: 1 op, 200.00 ns, 200.0000 ns/op
WorkloadActual  78: 1 op, 200.00 ns, 200.0000 ns/op
WorkloadActual  79: 1 op, 200.00 ns, 200.0000 ns/op
WorkloadActual  80: 1 op, 200.00 ns, 200.0000 ns/op
WorkloadActual  81: 1 op, 300.00 ns, 300.0000 ns/op
WorkloadActual  82: 1 op, 200.00 ns, 200.0000 ns/op
WorkloadActual  83: 1 op, 200.00 ns, 200.0000 ns/op
WorkloadActual  84: 1 op, 300.00 ns, 300.0000 ns/op
WorkloadActual  85: 1 op, 200.00 ns, 200.0000 ns/op
WorkloadActual  86: 1 op, 200.00 ns, 200.0000 ns/op
WorkloadActual  87: 1 op, 200.00 ns, 200.0000 ns/op
WorkloadActual  88: 1 op, 200.00 ns, 200.0000 ns/op
WorkloadActual  89: 1 op, 300.00 ns, 300.0000 ns/op
WorkloadActual  90: 1 op, 300.00 ns, 300.0000 ns/op
WorkloadActual  91: 1 op, 200.00 ns, 200.0000 ns/op
WorkloadActual  92: 1 op, 300.00 ns, 300.0000 ns/op
WorkloadActual  93: 1 op, 300.00 ns, 300.0000 ns/op
WorkloadActual  94: 1 op, 200.00 ns, 200.0000 ns/op
WorkloadActual  95: 1 op, 200.00 ns, 200.0000 ns/op
WorkloadActual  96: 1 op, 200.00 ns, 200.0000 ns/op
WorkloadActual  97: 1 op, 300.00 ns, 300.0000 ns/op
WorkloadActual  98: 1 op, 300.00 ns, 300.0000 ns/op
WorkloadActual  99: 1 op, 200.00 ns, 200.0000 ns/op
WorkloadActual  100: 1 op, 200.00 ns, 200.0000 ns/op

// AfterActualRun
WorkloadResult   1: 1 op, 200.00 ns, 200.0000 ns/op
WorkloadResult   2: 1 op, 200.00 ns, 200.0000 ns/op
WorkloadResult   3: 1 op, 200.00 ns, 200.0000 ns/op
WorkloadResult   4: 1 op, 200.00 ns, 200.0000 ns/op
WorkloadResult   5: 1 op, 100.00 ns, 100.0000 ns/op
WorkloadResult   6: 1 op, 100.00 ns, 100.0000 ns/op
WorkloadResult   7: 1 op, 100.00 ns, 100.0000 ns/op
WorkloadResult   8: 1 op, 300.00 ns, 300.0000 ns/op
WorkloadResult   9: 1 op, 200.00 ns, 200.0000 ns/op
WorkloadResult  10: 1 op, 200.00 ns, 200.0000 ns/op
WorkloadResult  11: 1 op, 0.00 ns, 0.0000 ns/op
WorkloadResult  12: 1 op, 100.00 ns, 100.0000 ns/op
WorkloadResult  13: 1 op, 100.00 ns, 100.0000 ns/op
WorkloadResult  14: 1 op, 200.00 ns, 200.0000 ns/op
WorkloadResult  15: 1 op, 100.00 ns, 100.0000 ns/op
WorkloadResult  16: 1 op, 100.00 ns, 100.0000 ns/op
WorkloadResult  17: 1 op, 100.00 ns, 100.0000 ns/op
WorkloadResult  18: 1 op, 100.00 ns, 100.0000 ns/op
WorkloadResult  19: 1 op, 100.00 ns, 100.0000 ns/op
WorkloadResult  20: 1 op, 100.00 ns, 100.0000 ns/op
WorkloadResult  21: 1 op, 100.00 ns, 100.0000 ns/op
WorkloadResult  22: 1 op, 100.00 ns, 100.0000 ns/op
WorkloadResult  23: 1 op, 100.00 ns, 100.0000 ns/op
WorkloadResult  24: 1 op, 100.00 ns, 100.0000 ns/op
WorkloadResult  25: 1 op, 100.00 ns, 100.0000 ns/op
WorkloadResult  26: 1 op, 100.00 ns, 100.0000 ns/op
WorkloadResult  27: 1 op, 100.00 ns, 100.0000 ns/op
WorkloadResult  28: 1 op, 100.00 ns, 100.0000 ns/op
WorkloadResult  29: 1 op, 100.00 ns, 100.0000 ns/op
WorkloadResult  30: 1 op, 200.00 ns, 200.0000 ns/op
WorkloadResult  31: 1 op, 100.00 ns, 100.0000 ns/op
WorkloadResult  32: 1 op, 200.00 ns, 200.0000 ns/op
WorkloadResult  33: 1 op, 100.00 ns, 100.0000 ns/op
WorkloadResult  34: 1 op, 200.00 ns, 200.0000 ns/op
WorkloadResult  35: 1 op, 200.00 ns, 200.0000 ns/op
WorkloadResult  36: 1 op, 100.00 ns, 100.0000 ns/op
WorkloadResult  37: 1 op, 100.00 ns, 100.0000 ns/op
WorkloadResult  38: 1 op, 100.00 ns, 100.0000 ns/op
WorkloadResult  39: 1 op, 100.00 ns, 100.0000 ns/op
WorkloadResult  40: 1 op, 100.00 ns, 100.0000 ns/op
WorkloadResult  41: 1 op, 100.00 ns, 100.0000 ns/op
WorkloadResult  42: 1 op, 100.00 ns, 100.0000 ns/op
WorkloadResult  43: 1 op, 200.00 ns, 200.0000 ns/op
WorkloadResult  44: 1 op, 100.00 ns, 100.0000 ns/op
WorkloadResult  45: 1 op, 100.00 ns, 100.0000 ns/op
WorkloadResult  46: 1 op, 100.00 ns, 100.0000 ns/op
WorkloadResult  47: 1 op, 100.00 ns, 100.0000 ns/op
WorkloadResult  48: 1 op, 200.00 ns, 200.0000 ns/op
WorkloadResult  49: 1 op, 100.00 ns, 100.0000 ns/op
WorkloadResult  50: 1 op, 100.00 ns, 100.0000 ns/op
WorkloadResult  51: 1 op, 100.00 ns, 100.0000 ns/op
WorkloadResult  52: 1 op, 200.00 ns, 200.0000 ns/op
WorkloadResult  53: 1 op, 100.00 ns, 100.0000 ns/op
WorkloadResult  54: 1 op, 100.00 ns, 100.0000 ns/op
WorkloadResult  55: 1 op, 100.00 ns, 100.0000 ns/op
WorkloadResult  56: 1 op, 100.00 ns, 100.0000 ns/op
WorkloadResult  57: 1 op, 200.00 ns, 200.0000 ns/op
WorkloadResult  58: 1 op, 100.00 ns, 100.0000 ns/op
WorkloadResult  59: 1 op, 200.00 ns, 200.0000 ns/op
WorkloadResult  60: 1 op, 100.00 ns, 100.0000 ns/op
WorkloadResult  61: 1 op, 200.00 ns, 200.0000 ns/op
WorkloadResult  62: 1 op, 200.00 ns, 200.0000 ns/op
WorkloadResult  63: 1 op, 100.00 ns, 100.0000 ns/op
WorkloadResult  64: 1 op, 100.00 ns, 100.0000 ns/op
WorkloadResult  65: 1 op, 100.00 ns, 100.0000 ns/op
WorkloadResult  66: 1 op, 100.00 ns, 100.0000 ns/op
WorkloadResult  67: 1 op, 100.00 ns, 100.0000 ns/op
WorkloadResult  68: 1 op, 100.00 ns, 100.0000 ns/op
WorkloadResult  69: 1 op, 100.00 ns, 100.0000 ns/op
WorkloadResult  70: 1 op, 200.00 ns, 200.0000 ns/op
WorkloadResult  71: 1 op, 200.00 ns, 200.0000 ns/op
WorkloadResult  72: 1 op, 100.00 ns, 100.0000 ns/op
WorkloadResult  73: 1 op, 100.00 ns, 100.0000 ns/op
WorkloadResult  74: 1 op, 0.00 ns, 0.0000 ns/op
WorkloadResult  75: 1 op, 100.00 ns, 100.0000 ns/op
WorkloadResult  76: 1 op, 100.00 ns, 100.0000 ns/op
WorkloadResult  77: 1 op, 100.00 ns, 100.0000 ns/op
WorkloadResult  78: 1 op, 100.00 ns, 100.0000 ns/op
WorkloadResult  79: 1 op, 100.00 ns, 100.0000 ns/op
WorkloadResult  80: 1 op, 100.00 ns, 100.0000 ns/op
WorkloadResult  81: 1 op, 200.00 ns, 200.0000 ns/op
WorkloadResult  82: 1 op, 100.00 ns, 100.0000 ns/op
WorkloadResult  83: 1 op, 100.00 ns, 100.0000 ns/op
WorkloadResult  84: 1 op, 200.00 ns, 200.0000 ns/op
WorkloadResult  85: 1 op, 100.00 ns, 100.0000 ns/op
WorkloadResult  86: 1 op, 100.00 ns, 100.0000 ns/op
WorkloadResult  87: 1 op, 100.00 ns, 100.0000 ns/op
WorkloadResult  88: 1 op, 100.00 ns, 100.0000 ns/op
WorkloadResult  89: 1 op, 200.00 ns, 200.0000 ns/op
WorkloadResult  90: 1 op, 200.00 ns, 200.0000 ns/op
WorkloadResult  91: 1 op, 100.00 ns, 100.0000 ns/op
WorkloadResult  92: 1 op, 200.00 ns, 200.0000 ns/op
WorkloadResult  93: 1 op, 200.00 ns, 200.0000 ns/op
WorkloadResult  94: 1 op, 100.00 ns, 100.0000 ns/op
WorkloadResult  95: 1 op, 100.00 ns, 100.0000 ns/op
WorkloadResult  96: 1 op, 100.00 ns, 100.0000 ns/op
WorkloadResult  97: 1 op, 200.00 ns, 200.0000 ns/op
WorkloadResult  98: 1 op, 200.00 ns, 200.0000 ns/op
WorkloadResult  99: 1 op, 100.00 ns, 100.0000 ns/op
WorkloadResult  100: 1 op, 100.00 ns, 100.0000 ns/op
// GC:  0 0 0 0 1
// Threading:  0 0 1

// AfterAll
// Benchmark Process 31652 has exited with code 0.

Mean = 128.000 ns, StdErr = 5.140 ns (4.02%), N = 100, StdDev = 51.405 ns
Min = 0.000 ns, Q1 = 100.000 ns, Median = 100.000 ns, Q3 = 200.000 ns, Max = 300.000 ns
IQR = 100.000 ns, LowerFence = -50.000 ns, UpperFence = 350.000 ns
ConfidenceInterval = [110.566 ns; 145.434 ns] (CI 99.9%), Margin = 17.434 ns (13.62% of Mean)
Skewness = 0.72, Kurtosis = 3.16, MValue = 2.9

// ** Remained 6 (66,7%) benchmark(s) to run. Estimated finish 2026-06-28 14:52 (0h 0m from now) **
Setup power plan (GUID: 8c5e7fda-e8bf-4a96-9a85-a6e23a8c635c FriendlyName: Alto desempenho)
// **************************
// Benchmark: DominioBenchmarks.EanValidator_Ean13_Valido: Job-CNUJVU(InvocationCount=1, UnrollFactor=1)
// *** Execute ***
// Launch: 1 / 1
// Execute: dotnet TruckFlow.Benchmarks-Job-CNUJVU-1.dll --anonymousPipes 1136 1400 --benchmarkName TruckFlow.Benchmarks.Benchmarks.DominioBenchmarks.EanValidator_Ean13_Valido --job "InvocationCount=1, UnrollFactor=1" --benchmarkId 3 in C:\Users\User\Documents\GitHub\TruckFlow\src\TruckFlowApi\TruckFlow.Benchmarks\bin\Release\net8.0\TruckFlow.Benchmarks-Job-CNUJVU-1\bin\Release\net8.0
// BeforeAnythingElse

// Benchmark Process Environment Information:
// BenchmarkDotNet v0.15.8
// Runtime=.NET 8.0.19 (8.0.19, 8.0.1925.36514), X64 RyuJIT x86-64-v3
// GC=Concurrent Workstation
// HardwareIntrinsics=AVX2+BMI1+BMI2+F16C+FMA+LZCNT+MOVBE,AVX,SSE3+SSSE3+SSE4.1+SSE4.2+POPCNT,X86Base+SSE+SSE2,AES+PCLMUL VectorSize=256
// Job: Job-CNUJVU(InvocationCount=1, UnrollFactor=1)

OverheadJitting  1: 1 op, 162200.00 ns, 162.2000 us/op
WorkloadJitting  1: 1 op, 6324600.00 ns, 6.3246 ms/op

OverheadWarmup   1: 1 op, 100.00 ns, 100.0000 ns/op
OverheadWarmup   2: 1 op, 100.00 ns, 100.0000 ns/op
OverheadWarmup   3: 1 op, 100.00 ns, 100.0000 ns/op
OverheadWarmup   4: 1 op, 100.00 ns, 100.0000 ns/op
OverheadWarmup   5: 1 op, 200.00 ns, 200.0000 ns/op

OverheadActual   1: 1 op, 200.00 ns, 200.0000 ns/op
OverheadActual   2: 1 op, 100.00 ns, 100.0000 ns/op
OverheadActual   3: 1 op, 200.00 ns, 200.0000 ns/op
OverheadActual   4: 1 op, 200.00 ns, 200.0000 ns/op
OverheadActual   5: 1 op, 100.00 ns, 100.0000 ns/op
OverheadActual   6: 1 op, 200.00 ns, 200.0000 ns/op
OverheadActual   7: 1 op, 100.00 ns, 100.0000 ns/op
OverheadActual   8: 1 op, 100.00 ns, 100.0000 ns/op
OverheadActual   9: 1 op, 0.00 ns, 0.0000 ns/op
OverheadActual  10: 1 op, 0.00 ns, 0.0000 ns/op
OverheadActual  11: 1 op, 0.00 ns, 0.0000 ns/op
OverheadActual  12: 1 op, 0.00 ns, 0.0000 ns/op
OverheadActual  13: 1 op, 100.00 ns, 100.0000 ns/op
OverheadActual  14: 1 op, 0.00 ns, 0.0000 ns/op
OverheadActual  15: 1 op, 100.00 ns, 100.0000 ns/op
OverheadActual  16: 1 op, 100.00 ns, 100.0000 ns/op
OverheadActual  17: 1 op, 100.00 ns, 100.0000 ns/op
OverheadActual  18: 1 op, 100.00 ns, 100.0000 ns/op
OverheadActual  19: 1 op, 100.00 ns, 100.0000 ns/op
OverheadActual  20: 1 op, 100.00 ns, 100.0000 ns/op

WorkloadWarmup   1: 1 op, 47300.00 ns, 47.3000 us/op
WorkloadWarmup   2: 1 op, 3000.00 ns, 3.0000 us/op
WorkloadWarmup   3: 1 op, 2600.00 ns, 2.6000 us/op
WorkloadWarmup   4: 1 op, 3800.00 ns, 3.8000 us/op
WorkloadWarmup   5: 1 op, 3600.00 ns, 3.6000 us/op
WorkloadWarmup   6: 1 op, 2300.00 ns, 2.3000 us/op
WorkloadWarmup   7: 1 op, 3100.00 ns, 3.1000 us/op
WorkloadWarmup   8: 1 op, 2100.00 ns, 2.1000 us/op

// BeforeActualRun
WorkloadActual   1: 1 op, 3000.00 ns, 3.0000 us/op
WorkloadActual   2: 1 op, 2400.00 ns, 2.4000 us/op
WorkloadActual   3: 1 op, 2600.00 ns, 2.6000 us/op
WorkloadActual   4: 1 op, 2100.00 ns, 2.1000 us/op
WorkloadActual   5: 1 op, 2100.00 ns, 2.1000 us/op
WorkloadActual   6: 1 op, 3000.00 ns, 3.0000 us/op
WorkloadActual   7: 1 op, 2300.00 ns, 2.3000 us/op
WorkloadActual   8: 1 op, 2100.00 ns, 2.1000 us/op
WorkloadActual   9: 1 op, 2200.00 ns, 2.2000 us/op
WorkloadActual  10: 1 op, 2200.00 ns, 2.2000 us/op
WorkloadActual  11: 1 op, 2200.00 ns, 2.2000 us/op
WorkloadActual  12: 1 op, 2300.00 ns, 2.3000 us/op
WorkloadActual  13: 1 op, 2200.00 ns, 2.2000 us/op
WorkloadActual  14: 1 op, 2100.00 ns, 2.1000 us/op
WorkloadActual  15: 1 op, 2100.00 ns, 2.1000 us/op
WorkloadActual  16: 1 op, 2200.00 ns, 2.2000 us/op
WorkloadActual  17: 1 op, 2100.00 ns, 2.1000 us/op
WorkloadActual  18: 1 op, 2200.00 ns, 2.2000 us/op
WorkloadActual  19: 1 op, 2100.00 ns, 2.1000 us/op
WorkloadActual  20: 1 op, 3300.00 ns, 3.3000 us/op
WorkloadActual  21: 1 op, 4900.00 ns, 4.9000 us/op
WorkloadActual  22: 1 op, 3000.00 ns, 3.0000 us/op
WorkloadActual  23: 1 op, 2400.00 ns, 2.4000 us/op
WorkloadActual  24: 1 op, 2900.00 ns, 2.9000 us/op
WorkloadActual  25: 1 op, 2300.00 ns, 2.3000 us/op
WorkloadActual  26: 1 op, 2200.00 ns, 2.2000 us/op
WorkloadActual  27: 1 op, 2400.00 ns, 2.4000 us/op
WorkloadActual  28: 1 op, 2200.00 ns, 2.2000 us/op
WorkloadActual  29: 1 op, 3600.00 ns, 3.6000 us/op
WorkloadActual  30: 1 op, 3600.00 ns, 3.6000 us/op
WorkloadActual  31: 1 op, 3000.00 ns, 3.0000 us/op
WorkloadActual  32: 1 op, 2800.00 ns, 2.8000 us/op
WorkloadActual  33: 1 op, 3000.00 ns, 3.0000 us/op
WorkloadActual  34: 1 op, 3600.00 ns, 3.6000 us/op
WorkloadActual  35: 1 op, 3000.00 ns, 3.0000 us/op
WorkloadActual  36: 1 op, 3000.00 ns, 3.0000 us/op
WorkloadActual  37: 1 op, 2800.00 ns, 2.8000 us/op
WorkloadActual  38: 1 op, 3300.00 ns, 3.3000 us/op
WorkloadActual  39: 1 op, 3300.00 ns, 3.3000 us/op
WorkloadActual  40: 1 op, 3000.00 ns, 3.0000 us/op
WorkloadActual  41: 1 op, 2700.00 ns, 2.7000 us/op
WorkloadActual  42: 1 op, 3200.00 ns, 3.2000 us/op
WorkloadActual  43: 1 op, 3700.00 ns, 3.7000 us/op
WorkloadActual  44: 1 op, 3600.00 ns, 3.6000 us/op
WorkloadActual  45: 1 op, 3300.00 ns, 3.3000 us/op
WorkloadActual  46: 1 op, 3600.00 ns, 3.6000 us/op
WorkloadActual  47: 1 op, 2900.00 ns, 2.9000 us/op
WorkloadActual  48: 1 op, 3100.00 ns, 3.1000 us/op
WorkloadActual  49: 1 op, 3000.00 ns, 3.0000 us/op
WorkloadActual  50: 1 op, 3400.00 ns, 3.4000 us/op
WorkloadActual  51: 1 op, 5100.00 ns, 5.1000 us/op
WorkloadActual  52: 1 op, 4200.00 ns, 4.2000 us/op
WorkloadActual  53: 1 op, 3500.00 ns, 3.5000 us/op
WorkloadActual  54: 1 op, 2800.00 ns, 2.8000 us/op
WorkloadActual  55: 1 op, 2800.00 ns, 2.8000 us/op
WorkloadActual  56: 1 op, 3500.00 ns, 3.5000 us/op
WorkloadActual  57: 1 op, 5900.00 ns, 5.9000 us/op
WorkloadActual  58: 1 op, 5200.00 ns, 5.2000 us/op
WorkloadActual  59: 1 op, 5100.00 ns, 5.1000 us/op
WorkloadActual  60: 1 op, 3900.00 ns, 3.9000 us/op
WorkloadActual  61: 1 op, 5200.00 ns, 5.2000 us/op
WorkloadActual  62: 1 op, 4400.00 ns, 4.4000 us/op
WorkloadActual  63: 1 op, 3900.00 ns, 3.9000 us/op
WorkloadActual  64: 1 op, 4600.00 ns, 4.6000 us/op
WorkloadActual  65: 1 op, 3300.00 ns, 3.3000 us/op
WorkloadActual  66: 1 op, 3700.00 ns, 3.7000 us/op
WorkloadActual  67: 1 op, 3500.00 ns, 3.5000 us/op
WorkloadActual  68: 1 op, 3200.00 ns, 3.2000 us/op
WorkloadActual  69: 1 op, 3200.00 ns, 3.2000 us/op
WorkloadActual  70: 1 op, 3100.00 ns, 3.1000 us/op
WorkloadActual  71: 1 op, 3100.00 ns, 3.1000 us/op
WorkloadActual  72: 1 op, 3700.00 ns, 3.7000 us/op
WorkloadActual  73: 1 op, 4100.00 ns, 4.1000 us/op
WorkloadActual  74: 1 op, 5500.00 ns, 5.5000 us/op
WorkloadActual  75: 1 op, 6100.00 ns, 6.1000 us/op
WorkloadActual  76: 1 op, 5700.00 ns, 5.7000 us/op
WorkloadActual  77: 1 op, 4700.00 ns, 4.7000 us/op
WorkloadActual  78: 1 op, 5000.00 ns, 5.0000 us/op
WorkloadActual  79: 1 op, 4300.00 ns, 4.3000 us/op
WorkloadActual  80: 1 op, 6200.00 ns, 6.2000 us/op
WorkloadActual  81: 1 op, 4900.00 ns, 4.9000 us/op
WorkloadActual  82: 1 op, 5600.00 ns, 5.6000 us/op
WorkloadActual  83: 1 op, 6900.00 ns, 6.9000 us/op
WorkloadActual  84: 1 op, 5300.00 ns, 5.3000 us/op
WorkloadActual  85: 1 op, 6000.00 ns, 6.0000 us/op
WorkloadActual  86: 1 op, 8900.00 ns, 8.9000 us/op
WorkloadActual  87: 1 op, 6700.00 ns, 6.7000 us/op
WorkloadActual  88: 1 op, 7100.00 ns, 7.1000 us/op
WorkloadActual  89: 1 op, 7200.00 ns, 7.2000 us/op
WorkloadActual  90: 1 op, 6300.00 ns, 6.3000 us/op
WorkloadActual  91: 1 op, 5900.00 ns, 5.9000 us/op
WorkloadActual  92: 1 op, 7000.00 ns, 7.0000 us/op
WorkloadActual  93: 1 op, 7000.00 ns, 7.0000 us/op
WorkloadActual  94: 1 op, 6000.00 ns, 6.0000 us/op
WorkloadActual  95: 1 op, 7400.00 ns, 7.4000 us/op
WorkloadActual  96: 1 op, 6700.00 ns, 6.7000 us/op
WorkloadActual  97: 1 op, 6200.00 ns, 6.2000 us/op
WorkloadActual  98: 1 op, 8000.00 ns, 8.0000 us/op
WorkloadActual  99: 1 op, 7300.00 ns, 7.3000 us/op
WorkloadActual  100: 1 op, 5800.00 ns, 5.8000 us/op

// AfterActualRun
WorkloadResult   1: 1 op, 2900.00 ns, 2.9000 us/op
WorkloadResult   2: 1 op, 2300.00 ns, 2.3000 us/op
WorkloadResult   3: 1 op, 2500.00 ns, 2.5000 us/op
WorkloadResult   4: 1 op, 2000.00 ns, 2.0000 us/op
WorkloadResult   5: 1 op, 2000.00 ns, 2.0000 us/op
WorkloadResult   6: 1 op, 2900.00 ns, 2.9000 us/op
WorkloadResult   7: 1 op, 2200.00 ns, 2.2000 us/op
WorkloadResult   8: 1 op, 2000.00 ns, 2.0000 us/op
WorkloadResult   9: 1 op, 2100.00 ns, 2.1000 us/op
WorkloadResult  10: 1 op, 2100.00 ns, 2.1000 us/op
WorkloadResult  11: 1 op, 2100.00 ns, 2.1000 us/op
WorkloadResult  12: 1 op, 2200.00 ns, 2.2000 us/op
WorkloadResult  13: 1 op, 2100.00 ns, 2.1000 us/op
WorkloadResult  14: 1 op, 2000.00 ns, 2.0000 us/op
WorkloadResult  15: 1 op, 2000.00 ns, 2.0000 us/op
WorkloadResult  16: 1 op, 2100.00 ns, 2.1000 us/op
WorkloadResult  17: 1 op, 2000.00 ns, 2.0000 us/op
WorkloadResult  18: 1 op, 2100.00 ns, 2.1000 us/op
WorkloadResult  19: 1 op, 2000.00 ns, 2.0000 us/op
WorkloadResult  20: 1 op, 3200.00 ns, 3.2000 us/op
WorkloadResult  21: 1 op, 4800.00 ns, 4.8000 us/op
WorkloadResult  22: 1 op, 2900.00 ns, 2.9000 us/op
WorkloadResult  23: 1 op, 2300.00 ns, 2.3000 us/op
WorkloadResult  24: 1 op, 2800.00 ns, 2.8000 us/op
WorkloadResult  25: 1 op, 2200.00 ns, 2.2000 us/op
WorkloadResult  26: 1 op, 2100.00 ns, 2.1000 us/op
WorkloadResult  27: 1 op, 2300.00 ns, 2.3000 us/op
WorkloadResult  28: 1 op, 2100.00 ns, 2.1000 us/op
WorkloadResult  29: 1 op, 3500.00 ns, 3.5000 us/op
WorkloadResult  30: 1 op, 3500.00 ns, 3.5000 us/op
WorkloadResult  31: 1 op, 2900.00 ns, 2.9000 us/op
WorkloadResult  32: 1 op, 2700.00 ns, 2.7000 us/op
WorkloadResult  33: 1 op, 2900.00 ns, 2.9000 us/op
WorkloadResult  34: 1 op, 3500.00 ns, 3.5000 us/op
WorkloadResult  35: 1 op, 2900.00 ns, 2.9000 us/op
WorkloadResult  36: 1 op, 2900.00 ns, 2.9000 us/op
WorkloadResult  37: 1 op, 2700.00 ns, 2.7000 us/op
WorkloadResult  38: 1 op, 3200.00 ns, 3.2000 us/op
WorkloadResult  39: 1 op, 3200.00 ns, 3.2000 us/op
WorkloadResult  40: 1 op, 2900.00 ns, 2.9000 us/op
WorkloadResult  41: 1 op, 2600.00 ns, 2.6000 us/op
WorkloadResult  42: 1 op, 3100.00 ns, 3.1000 us/op
WorkloadResult  43: 1 op, 3600.00 ns, 3.6000 us/op
WorkloadResult  44: 1 op, 3500.00 ns, 3.5000 us/op
WorkloadResult  45: 1 op, 3200.00 ns, 3.2000 us/op
WorkloadResult  46: 1 op, 3500.00 ns, 3.5000 us/op
WorkloadResult  47: 1 op, 2800.00 ns, 2.8000 us/op
WorkloadResult  48: 1 op, 3000.00 ns, 3.0000 us/op
WorkloadResult  49: 1 op, 2900.00 ns, 2.9000 us/op
WorkloadResult  50: 1 op, 3300.00 ns, 3.3000 us/op
WorkloadResult  51: 1 op, 5000.00 ns, 5.0000 us/op
WorkloadResult  52: 1 op, 4100.00 ns, 4.1000 us/op
WorkloadResult  53: 1 op, 3400.00 ns, 3.4000 us/op
WorkloadResult  54: 1 op, 2700.00 ns, 2.7000 us/op
WorkloadResult  55: 1 op, 2700.00 ns, 2.7000 us/op
WorkloadResult  56: 1 op, 3400.00 ns, 3.4000 us/op
WorkloadResult  57: 1 op, 5800.00 ns, 5.8000 us/op
WorkloadResult  58: 1 op, 5100.00 ns, 5.1000 us/op
WorkloadResult  59: 1 op, 5000.00 ns, 5.0000 us/op
WorkloadResult  60: 1 op, 3800.00 ns, 3.8000 us/op
WorkloadResult  61: 1 op, 5100.00 ns, 5.1000 us/op
WorkloadResult  62: 1 op, 4300.00 ns, 4.3000 us/op
WorkloadResult  63: 1 op, 3800.00 ns, 3.8000 us/op
WorkloadResult  64: 1 op, 4500.00 ns, 4.5000 us/op
WorkloadResult  65: 1 op, 3200.00 ns, 3.2000 us/op
WorkloadResult  66: 1 op, 3600.00 ns, 3.6000 us/op
WorkloadResult  67: 1 op, 3400.00 ns, 3.4000 us/op
WorkloadResult  68: 1 op, 3100.00 ns, 3.1000 us/op
WorkloadResult  69: 1 op, 3100.00 ns, 3.1000 us/op
WorkloadResult  70: 1 op, 3000.00 ns, 3.0000 us/op
WorkloadResult  71: 1 op, 3000.00 ns, 3.0000 us/op
WorkloadResult  72: 1 op, 3600.00 ns, 3.6000 us/op
WorkloadResult  73: 1 op, 4000.00 ns, 4.0000 us/op
WorkloadResult  74: 1 op, 5400.00 ns, 5.4000 us/op
WorkloadResult  75: 1 op, 6000.00 ns, 6.0000 us/op
WorkloadResult  76: 1 op, 5600.00 ns, 5.6000 us/op
WorkloadResult  77: 1 op, 4600.00 ns, 4.6000 us/op
WorkloadResult  78: 1 op, 4900.00 ns, 4.9000 us/op
WorkloadResult  79: 1 op, 4200.00 ns, 4.2000 us/op
WorkloadResult  80: 1 op, 6100.00 ns, 6.1000 us/op
WorkloadResult  81: 1 op, 4800.00 ns, 4.8000 us/op
WorkloadResult  82: 1 op, 5500.00 ns, 5.5000 us/op
WorkloadResult  83: 1 op, 6800.00 ns, 6.8000 us/op
WorkloadResult  84: 1 op, 5200.00 ns, 5.2000 us/op
WorkloadResult  85: 1 op, 5900.00 ns, 5.9000 us/op
WorkloadResult  86: 1 op, 6600.00 ns, 6.6000 us/op
WorkloadResult  87: 1 op, 7000.00 ns, 7.0000 us/op
WorkloadResult  88: 1 op, 7100.00 ns, 7.1000 us/op
WorkloadResult  89: 1 op, 6200.00 ns, 6.2000 us/op
WorkloadResult  90: 1 op, 5800.00 ns, 5.8000 us/op
WorkloadResult  91: 1 op, 6900.00 ns, 6.9000 us/op
WorkloadResult  92: 1 op, 6900.00 ns, 6.9000 us/op
WorkloadResult  93: 1 op, 5900.00 ns, 5.9000 us/op
WorkloadResult  94: 1 op, 7300.00 ns, 7.3000 us/op
WorkloadResult  95: 1 op, 6600.00 ns, 6.6000 us/op
WorkloadResult  96: 1 op, 6100.00 ns, 6.1000 us/op
WorkloadResult  97: 1 op, 7900.00 ns, 7.9000 us/op
WorkloadResult  98: 1 op, 7200.00 ns, 7.2000 us/op
WorkloadResult  99: 1 op, 5700.00 ns, 5.7000 us/op
// GC:  0 0 0 0 1
// Threading:  0 0 1

// AfterAll
// Benchmark Process 15228 has exited with code 0.

Mean = 3.854 μs, StdErr = 0.161 μs (4.19%), N = 99, StdDev = 1.606 μs
Min = 2.000 μs, Q1 = 2.700 μs, Median = 3.300 μs, Q3 = 5.050 μs, Max = 7.900 μs
IQR = 2.350 μs, LowerFence = -0.825 μs, UpperFence = 8.575 μs
ConfidenceInterval = [3.306 μs; 4.401 μs] (CI 99.9%), Margin = 0.548 μs (14.21% of Mean)
Skewness = 0.74, Kurtosis = 2.35, MValue = 2.57

// ** Remained 5 (55,6%) benchmark(s) to run. Estimated finish 2026-06-28 14:52 (0h 0m from now) **
Setup power plan (GUID: 8c5e7fda-e8bf-4a96-9a85-a6e23a8c635c FriendlyName: Alto desempenho)
// **************************
// Benchmark: DominioBenchmarks.EanValidator_Ean13_Invalido: Job-CNUJVU(InvocationCount=1, UnrollFactor=1)
// *** Execute ***
// Launch: 1 / 1
// Execute: dotnet TruckFlow.Benchmarks-Job-CNUJVU-1.dll --anonymousPipes 1540 1348 --benchmarkName TruckFlow.Benchmarks.Benchmarks.DominioBenchmarks.EanValidator_Ean13_Invalido --job "InvocationCount=1, UnrollFactor=1" --benchmarkId 4 in C:\Users\User\Documents\GitHub\TruckFlow\src\TruckFlowApi\TruckFlow.Benchmarks\bin\Release\net8.0\TruckFlow.Benchmarks-Job-CNUJVU-1\bin\Release\net8.0
// BeforeAnythingElse

// Benchmark Process Environment Information:
// BenchmarkDotNet v0.15.8
// Runtime=.NET 8.0.19 (8.0.19, 8.0.1925.36514), X64 RyuJIT x86-64-v3
// GC=Concurrent Workstation
// HardwareIntrinsics=AVX2+BMI1+BMI2+F16C+FMA+LZCNT+MOVBE,AVX,SSE3+SSSE3+SSE4.1+SSE4.2+POPCNT,X86Base+SSE+SSE2,AES+PCLMUL VectorSize=256
// Job: Job-CNUJVU(InvocationCount=1, UnrollFactor=1)

OverheadJitting  1: 1 op, 128000.00 ns, 128.0000 us/op
WorkloadJitting  1: 1 op, 7985000.00 ns, 7.9850 ms/op

OverheadWarmup   1: 1 op, 200.00 ns, 200.0000 ns/op
OverheadWarmup   2: 1 op, 100.00 ns, 100.0000 ns/op
OverheadWarmup   3: 1 op, 200.00 ns, 200.0000 ns/op
OverheadWarmup   4: 1 op, 200.00 ns, 200.0000 ns/op
OverheadWarmup   5: 1 op, 200.00 ns, 200.0000 ns/op
OverheadWarmup   6: 1 op, 200.00 ns, 200.0000 ns/op

OverheadActual   1: 1 op, 200.00 ns, 200.0000 ns/op
OverheadActual   2: 1 op, 200.00 ns, 200.0000 ns/op
OverheadActual   3: 1 op, 500.00 ns, 500.0000 ns/op
OverheadActual   4: 1 op, 100.00 ns, 100.0000 ns/op
OverheadActual   5: 1 op, 100.00 ns, 100.0000 ns/op
OverheadActual   6: 1 op, 200.00 ns, 200.0000 ns/op
OverheadActual   7: 1 op, 200.00 ns, 200.0000 ns/op
OverheadActual   8: 1 op, 200.00 ns, 200.0000 ns/op
OverheadActual   9: 1 op, 200.00 ns, 200.0000 ns/op
OverheadActual  10: 1 op, 200.00 ns, 200.0000 ns/op
OverheadActual  11: 1 op, 200.00 ns, 200.0000 ns/op
OverheadActual  12: 1 op, 0.00 ns, 0.0000 ns/op
OverheadActual  13: 1 op, 100.00 ns, 100.0000 ns/op
OverheadActual  14: 1 op, 100.00 ns, 100.0000 ns/op
OverheadActual  15: 1 op, 200.00 ns, 200.0000 ns/op
OverheadActual  16: 1 op, 200.00 ns, 200.0000 ns/op
OverheadActual  17: 1 op, 200.00 ns, 200.0000 ns/op
OverheadActual  18: 1 op, 200.00 ns, 200.0000 ns/op
OverheadActual  19: 1 op, 200.00 ns, 200.0000 ns/op
OverheadActual  20: 1 op, 200.00 ns, 200.0000 ns/op

WorkloadWarmup   1: 1 op, 71800.00 ns, 71.8000 us/op
WorkloadWarmup   2: 1 op, 8100.00 ns, 8.1000 us/op
WorkloadWarmup   3: 1 op, 4800.00 ns, 4.8000 us/op
WorkloadWarmup   4: 1 op, 3300.00 ns, 3.3000 us/op
WorkloadWarmup   5: 1 op, 3200.00 ns, 3.2000 us/op
WorkloadWarmup   6: 1 op, 3100.00 ns, 3.1000 us/op
WorkloadWarmup   7: 1 op, 3200.00 ns, 3.2000 us/op
WorkloadWarmup   8: 1 op, 3300.00 ns, 3.3000 us/op
WorkloadWarmup   9: 1 op, 3100.00 ns, 3.1000 us/op
WorkloadWarmup  10: 1 op, 3200.00 ns, 3.2000 us/op
WorkloadWarmup  11: 1 op, 2300.00 ns, 2.3000 us/op

// BeforeActualRun
WorkloadActual   1: 1 op, 3500.00 ns, 3.5000 us/op
WorkloadActual   2: 1 op, 4100.00 ns, 4.1000 us/op
WorkloadActual   3: 1 op, 3500.00 ns, 3.5000 us/op
WorkloadActual   4: 1 op, 3200.00 ns, 3.2000 us/op
WorkloadActual   5: 1 op, 3400.00 ns, 3.4000 us/op
WorkloadActual   6: 1 op, 3900.00 ns, 3.9000 us/op
WorkloadActual   7: 1 op, 3000.00 ns, 3.0000 us/op
WorkloadActual   8: 1 op, 3000.00 ns, 3.0000 us/op
WorkloadActual   9: 1 op, 3300.00 ns, 3.3000 us/op
WorkloadActual  10: 1 op, 3200.00 ns, 3.2000 us/op
WorkloadActual  11: 1 op, 3400.00 ns, 3.4000 us/op
WorkloadActual  12: 1 op, 3100.00 ns, 3.1000 us/op
WorkloadActual  13: 1 op, 3400.00 ns, 3.4000 us/op
WorkloadActual  14: 1 op, 3100.00 ns, 3.1000 us/op
WorkloadActual  15: 1 op, 2500.00 ns, 2.5000 us/op
WorkloadActual  16: 1 op, 2500.00 ns, 2.5000 us/op
WorkloadActual  17: 1 op, 2400.00 ns, 2.4000 us/op
WorkloadActual  18: 1 op, 3300.00 ns, 3.3000 us/op
WorkloadActual  19: 1 op, 3300.00 ns, 3.3000 us/op
WorkloadActual  20: 1 op, 3500.00 ns, 3.5000 us/op
WorkloadActual  21: 1 op, 3500.00 ns, 3.5000 us/op
WorkloadActual  22: 1 op, 2800.00 ns, 2.8000 us/op
WorkloadActual  23: 1 op, 4300.00 ns, 4.3000 us/op
WorkloadActual  24: 1 op, 3200.00 ns, 3.2000 us/op
WorkloadActual  25: 1 op, 3600.00 ns, 3.6000 us/op
WorkloadActual  26: 1 op, 3300.00 ns, 3.3000 us/op
WorkloadActual  27: 1 op, 3300.00 ns, 3.3000 us/op
WorkloadActual  28: 1 op, 3400.00 ns, 3.4000 us/op
WorkloadActual  29: 1 op, 3100.00 ns, 3.1000 us/op
WorkloadActual  30: 1 op, 2600.00 ns, 2.6000 us/op
WorkloadActual  31: 1 op, 2700.00 ns, 2.7000 us/op
WorkloadActual  32: 1 op, 2500.00 ns, 2.5000 us/op
WorkloadActual  33: 1 op, 3000.00 ns, 3.0000 us/op
WorkloadActual  34: 1 op, 2800.00 ns, 2.8000 us/op
WorkloadActual  35: 1 op, 3200.00 ns, 3.2000 us/op
WorkloadActual  36: 1 op, 2600.00 ns, 2.6000 us/op
WorkloadActual  37: 1 op, 2900.00 ns, 2.9000 us/op
WorkloadActual  38: 1 op, 3100.00 ns, 3.1000 us/op
WorkloadActual  39: 1 op, 2900.00 ns, 2.9000 us/op
WorkloadActual  40: 1 op, 3000.00 ns, 3.0000 us/op
WorkloadActual  41: 1 op, 3000.00 ns, 3.0000 us/op
WorkloadActual  42: 1 op, 3000.00 ns, 3.0000 us/op
WorkloadActual  43: 1 op, 3100.00 ns, 3.1000 us/op
WorkloadActual  44: 1 op, 3100.00 ns, 3.1000 us/op
WorkloadActual  45: 1 op, 2600.00 ns, 2.6000 us/op
WorkloadActual  46: 1 op, 3200.00 ns, 3.2000 us/op
WorkloadActual  47: 1 op, 3000.00 ns, 3.0000 us/op
WorkloadActual  48: 1 op, 3100.00 ns, 3.1000 us/op
WorkloadActual  49: 1 op, 3000.00 ns, 3.0000 us/op
WorkloadActual  50: 1 op, 3000.00 ns, 3.0000 us/op
WorkloadActual  51: 1 op, 3100.00 ns, 3.1000 us/op
WorkloadActual  52: 1 op, 2400.00 ns, 2.4000 us/op
WorkloadActual  53: 1 op, 3600.00 ns, 3.6000 us/op
WorkloadActual  54: 1 op, 3700.00 ns, 3.7000 us/op
WorkloadActual  55: 1 op, 3000.00 ns, 3.0000 us/op
WorkloadActual  56: 1 op, 3100.00 ns, 3.1000 us/op
WorkloadActual  57: 1 op, 3300.00 ns, 3.3000 us/op
WorkloadActual  58: 1 op, 2600.00 ns, 2.6000 us/op
WorkloadActual  59: 1 op, 3000.00 ns, 3.0000 us/op
WorkloadActual  60: 1 op, 2500.00 ns, 2.5000 us/op
WorkloadActual  61: 1 op, 3000.00 ns, 3.0000 us/op
WorkloadActual  62: 1 op, 3100.00 ns, 3.1000 us/op
WorkloadActual  63: 1 op, 2800.00 ns, 2.8000 us/op
WorkloadActual  64: 1 op, 2400.00 ns, 2.4000 us/op
WorkloadActual  65: 1 op, 3500.00 ns, 3.5000 us/op
WorkloadActual  66: 1 op, 3700.00 ns, 3.7000 us/op
WorkloadActual  67: 1 op, 3100.00 ns, 3.1000 us/op
WorkloadActual  68: 1 op, 2800.00 ns, 2.8000 us/op
WorkloadActual  69: 1 op, 3500.00 ns, 3.5000 us/op
WorkloadActual  70: 1 op, 3900.00 ns, 3.9000 us/op
WorkloadActual  71: 1 op, 3400.00 ns, 3.4000 us/op
WorkloadActual  72: 1 op, 3800.00 ns, 3.8000 us/op
WorkloadActual  73: 1 op, 3000.00 ns, 3.0000 us/op
WorkloadActual  74: 1 op, 2600.00 ns, 2.6000 us/op
WorkloadActual  75: 1 op, 3500.00 ns, 3.5000 us/op
WorkloadActual  76: 1 op, 3400.00 ns, 3.4000 us/op
WorkloadActual  77: 1 op, 3400.00 ns, 3.4000 us/op
WorkloadActual  78: 1 op, 3400.00 ns, 3.4000 us/op
WorkloadActual  79: 1 op, 3600.00 ns, 3.6000 us/op
WorkloadActual  80: 1 op, 3500.00 ns, 3.5000 us/op
WorkloadActual  81: 1 op, 3500.00 ns, 3.5000 us/op
WorkloadActual  82: 1 op, 3100.00 ns, 3.1000 us/op
WorkloadActual  83: 1 op, 3000.00 ns, 3.0000 us/op
WorkloadActual  84: 1 op, 3000.00 ns, 3.0000 us/op
WorkloadActual  85: 1 op, 3000.00 ns, 3.0000 us/op
WorkloadActual  86: 1 op, 3500.00 ns, 3.5000 us/op
WorkloadActual  87: 1 op, 3500.00 ns, 3.5000 us/op
WorkloadActual  88: 1 op, 3600.00 ns, 3.6000 us/op
WorkloadActual  89: 1 op, 3200.00 ns, 3.2000 us/op
WorkloadActual  90: 1 op, 3000.00 ns, 3.0000 us/op
WorkloadActual  91: 1 op, 3400.00 ns, 3.4000 us/op
WorkloadActual  92: 1 op, 2900.00 ns, 2.9000 us/op
WorkloadActual  93: 1 op, 3100.00 ns, 3.1000 us/op
WorkloadActual  94: 1 op, 3200.00 ns, 3.2000 us/op
WorkloadActual  95: 1 op, 3200.00 ns, 3.2000 us/op
WorkloadActual  96: 1 op, 3100.00 ns, 3.1000 us/op
WorkloadActual  97: 1 op, 3600.00 ns, 3.6000 us/op
WorkloadActual  98: 1 op, 3000.00 ns, 3.0000 us/op
WorkloadActual  99: 1 op, 3400.00 ns, 3.4000 us/op
WorkloadActual  100: 1 op, 3000.00 ns, 3.0000 us/op

// AfterActualRun
WorkloadResult   1: 1 op, 3300.00 ns, 3.3000 us/op
WorkloadResult   2: 1 op, 3300.00 ns, 3.3000 us/op
WorkloadResult   3: 1 op, 3000.00 ns, 3.0000 us/op
WorkloadResult   4: 1 op, 3200.00 ns, 3.2000 us/op
WorkloadResult   5: 1 op, 3700.00 ns, 3.7000 us/op
WorkloadResult   6: 1 op, 2800.00 ns, 2.8000 us/op
WorkloadResult   7: 1 op, 2800.00 ns, 2.8000 us/op
WorkloadResult   8: 1 op, 3100.00 ns, 3.1000 us/op
WorkloadResult   9: 1 op, 3000.00 ns, 3.0000 us/op
WorkloadResult  10: 1 op, 3200.00 ns, 3.2000 us/op
WorkloadResult  11: 1 op, 2900.00 ns, 2.9000 us/op
WorkloadResult  12: 1 op, 3200.00 ns, 3.2000 us/op
WorkloadResult  13: 1 op, 2900.00 ns, 2.9000 us/op
WorkloadResult  14: 1 op, 2300.00 ns, 2.3000 us/op
WorkloadResult  15: 1 op, 2300.00 ns, 2.3000 us/op
WorkloadResult  16: 1 op, 2200.00 ns, 2.2000 us/op
WorkloadResult  17: 1 op, 3100.00 ns, 3.1000 us/op
WorkloadResult  18: 1 op, 3100.00 ns, 3.1000 us/op
WorkloadResult  19: 1 op, 3300.00 ns, 3.3000 us/op
WorkloadResult  20: 1 op, 3300.00 ns, 3.3000 us/op
WorkloadResult  21: 1 op, 2600.00 ns, 2.6000 us/op
WorkloadResult  22: 1 op, 3000.00 ns, 3.0000 us/op
WorkloadResult  23: 1 op, 3400.00 ns, 3.4000 us/op
WorkloadResult  24: 1 op, 3100.00 ns, 3.1000 us/op
WorkloadResult  25: 1 op, 3100.00 ns, 3.1000 us/op
WorkloadResult  26: 1 op, 3200.00 ns, 3.2000 us/op
WorkloadResult  27: 1 op, 2900.00 ns, 2.9000 us/op
WorkloadResult  28: 1 op, 2400.00 ns, 2.4000 us/op
WorkloadResult  29: 1 op, 2500.00 ns, 2.5000 us/op
WorkloadResult  30: 1 op, 2300.00 ns, 2.3000 us/op
WorkloadResult  31: 1 op, 2800.00 ns, 2.8000 us/op
WorkloadResult  32: 1 op, 2600.00 ns, 2.6000 us/op
WorkloadResult  33: 1 op, 3000.00 ns, 3.0000 us/op
WorkloadResult  34: 1 op, 2400.00 ns, 2.4000 us/op
WorkloadResult  35: 1 op, 2700.00 ns, 2.7000 us/op
WorkloadResult  36: 1 op, 2900.00 ns, 2.9000 us/op
WorkloadResult  37: 1 op, 2700.00 ns, 2.7000 us/op
WorkloadResult  38: 1 op, 2800.00 ns, 2.8000 us/op
WorkloadResult  39: 1 op, 2800.00 ns, 2.8000 us/op
WorkloadResult  40: 1 op, 2800.00 ns, 2.8000 us/op
WorkloadResult  41: 1 op, 2900.00 ns, 2.9000 us/op
WorkloadResult  42: 1 op, 2900.00 ns, 2.9000 us/op
WorkloadResult  43: 1 op, 2400.00 ns, 2.4000 us/op
WorkloadResult  44: 1 op, 3000.00 ns, 3.0000 us/op
WorkloadResult  45: 1 op, 2800.00 ns, 2.8000 us/op
WorkloadResult  46: 1 op, 2900.00 ns, 2.9000 us/op
WorkloadResult  47: 1 op, 2800.00 ns, 2.8000 us/op
WorkloadResult  48: 1 op, 2800.00 ns, 2.8000 us/op
WorkloadResult  49: 1 op, 2900.00 ns, 2.9000 us/op
WorkloadResult  50: 1 op, 2200.00 ns, 2.2000 us/op
WorkloadResult  51: 1 op, 3400.00 ns, 3.4000 us/op
WorkloadResult  52: 1 op, 3500.00 ns, 3.5000 us/op
WorkloadResult  53: 1 op, 2800.00 ns, 2.8000 us/op
WorkloadResult  54: 1 op, 2900.00 ns, 2.9000 us/op
WorkloadResult  55: 1 op, 3100.00 ns, 3.1000 us/op
WorkloadResult  56: 1 op, 2400.00 ns, 2.4000 us/op
WorkloadResult  57: 1 op, 2800.00 ns, 2.8000 us/op
WorkloadResult  58: 1 op, 2300.00 ns, 2.3000 us/op
WorkloadResult  59: 1 op, 2800.00 ns, 2.8000 us/op
WorkloadResult  60: 1 op, 2900.00 ns, 2.9000 us/op
WorkloadResult  61: 1 op, 2600.00 ns, 2.6000 us/op
WorkloadResult  62: 1 op, 2200.00 ns, 2.2000 us/op
WorkloadResult  63: 1 op, 3300.00 ns, 3.3000 us/op
WorkloadResult  64: 1 op, 3500.00 ns, 3.5000 us/op
WorkloadResult  65: 1 op, 2900.00 ns, 2.9000 us/op
WorkloadResult  66: 1 op, 2600.00 ns, 2.6000 us/op
WorkloadResult  67: 1 op, 3300.00 ns, 3.3000 us/op
WorkloadResult  68: 1 op, 3700.00 ns, 3.7000 us/op
WorkloadResult  69: 1 op, 3200.00 ns, 3.2000 us/op
WorkloadResult  70: 1 op, 3600.00 ns, 3.6000 us/op
WorkloadResult  71: 1 op, 2800.00 ns, 2.8000 us/op
WorkloadResult  72: 1 op, 2400.00 ns, 2.4000 us/op
WorkloadResult  73: 1 op, 3300.00 ns, 3.3000 us/op
WorkloadResult  74: 1 op, 3200.00 ns, 3.2000 us/op
WorkloadResult  75: 1 op, 3200.00 ns, 3.2000 us/op
WorkloadResult  76: 1 op, 3200.00 ns, 3.2000 us/op
WorkloadResult  77: 1 op, 3400.00 ns, 3.4000 us/op
WorkloadResult  78: 1 op, 3300.00 ns, 3.3000 us/op
WorkloadResult  79: 1 op, 3300.00 ns, 3.3000 us/op
WorkloadResult  80: 1 op, 2900.00 ns, 2.9000 us/op
WorkloadResult  81: 1 op, 2800.00 ns, 2.8000 us/op
WorkloadResult  82: 1 op, 2800.00 ns, 2.8000 us/op
WorkloadResult  83: 1 op, 2800.00 ns, 2.8000 us/op
WorkloadResult  84: 1 op, 3300.00 ns, 3.3000 us/op
WorkloadResult  85: 1 op, 3300.00 ns, 3.3000 us/op
WorkloadResult  86: 1 op, 3400.00 ns, 3.4000 us/op
WorkloadResult  87: 1 op, 3000.00 ns, 3.0000 us/op
WorkloadResult  88: 1 op, 2800.00 ns, 2.8000 us/op
WorkloadResult  89: 1 op, 3200.00 ns, 3.2000 us/op
WorkloadResult  90: 1 op, 2700.00 ns, 2.7000 us/op
WorkloadResult  91: 1 op, 2900.00 ns, 2.9000 us/op
WorkloadResult  92: 1 op, 3000.00 ns, 3.0000 us/op
WorkloadResult  93: 1 op, 3000.00 ns, 3.0000 us/op
WorkloadResult  94: 1 op, 2900.00 ns, 2.9000 us/op
WorkloadResult  95: 1 op, 3400.00 ns, 3.4000 us/op
WorkloadResult  96: 1 op, 2800.00 ns, 2.8000 us/op
WorkloadResult  97: 1 op, 3200.00 ns, 3.2000 us/op
WorkloadResult  98: 1 op, 2800.00 ns, 2.8000 us/op
// GC:  0 0 0 0 1
// Threading:  0 0 1

// AfterAll
// Benchmark Process 20772 has exited with code 0.

Mean = 2.944 μs, StdErr = 0.035 μs (1.18%), N = 98, StdDev = 0.345 μs
Min = 2.200 μs, Q1 = 2.800 μs, Median = 2.900 μs, Q3 = 3.200 μs, Max = 3.700 μs
IQR = 0.400 μs, LowerFence = 2.200 μs, UpperFence = 3.800 μs
ConfidenceInterval = [2.826 μs; 3.062 μs] (CI 99.9%), Margin = 0.118 μs (4.01% of Mean)
Skewness = -0.2, Kurtosis = 2.62, MValue = 2.91

// ** Remained 4 (44,4%) benchmark(s) to run. Estimated finish 2026-06-28 14:52 (0h 0m from now) **
Setup power plan (GUID: 8c5e7fda-e8bf-4a96-9a85-a6e23a8c635c FriendlyName: Alto desempenho)
// **************************
// Benchmark: DominioBenchmarks.EanValidator_Ean8_Valido: Job-CNUJVU(InvocationCount=1, UnrollFactor=1)
// *** Execute ***
// Launch: 1 / 1
// Execute: dotnet TruckFlow.Benchmarks-Job-CNUJVU-1.dll --anonymousPipes 1356 1516 --benchmarkName TruckFlow.Benchmarks.Benchmarks.DominioBenchmarks.EanValidator_Ean8_Valido --job "InvocationCount=1, UnrollFactor=1" --benchmarkId 5 in C:\Users\User\Documents\GitHub\TruckFlow\src\TruckFlowApi\TruckFlow.Benchmarks\bin\Release\net8.0\TruckFlow.Benchmarks-Job-CNUJVU-1\bin\Release\net8.0
// BeforeAnythingElse

// Benchmark Process Environment Information:
// BenchmarkDotNet v0.15.8
// Runtime=.NET 8.0.19 (8.0.19, 8.0.1925.36514), X64 RyuJIT x86-64-v3
// GC=Concurrent Workstation
// HardwareIntrinsics=AVX2+BMI1+BMI2+F16C+FMA+LZCNT+MOVBE,AVX,SSE3+SSSE3+SSE4.1+SSE4.2+POPCNT,X86Base+SSE+SSE2,AES+PCLMUL VectorSize=256
// Job: Job-CNUJVU(InvocationCount=1, UnrollFactor=1)

OverheadJitting  1: 1 op, 132700.00 ns, 132.7000 us/op
WorkloadJitting  1: 1 op, 6561800.00 ns, 6.5618 ms/op

OverheadWarmup   1: 1 op, 300.00 ns, 300.0000 ns/op
OverheadWarmup   2: 1 op, 100.00 ns, 100.0000 ns/op
OverheadWarmup   3: 1 op, 100.00 ns, 100.0000 ns/op
OverheadWarmup   4: 1 op, 100.00 ns, 100.0000 ns/op
OverheadWarmup   5: 1 op, 100.00 ns, 100.0000 ns/op
OverheadWarmup   6: 1 op, 100.00 ns, 100.0000 ns/op

OverheadActual   1: 1 op, 100.00 ns, 100.0000 ns/op
OverheadActual   2: 1 op, 100.00 ns, 100.0000 ns/op
OverheadActual   3: 1 op, 300.00 ns, 300.0000 ns/op
OverheadActual   4: 1 op, 200.00 ns, 200.0000 ns/op
OverheadActual   5: 1 op, 100.00 ns, 100.0000 ns/op
OverheadActual   6: 1 op, 200.00 ns, 200.0000 ns/op
OverheadActual   7: 1 op, 100.00 ns, 100.0000 ns/op
OverheadActual   8: 1 op, 100.00 ns, 100.0000 ns/op
OverheadActual   9: 1 op, 100.00 ns, 100.0000 ns/op
OverheadActual  10: 1 op, 100.00 ns, 100.0000 ns/op
OverheadActual  11: 1 op, 100.00 ns, 100.0000 ns/op
OverheadActual  12: 1 op, 100.00 ns, 100.0000 ns/op
OverheadActual  13: 1 op, 200.00 ns, 200.0000 ns/op
OverheadActual  14: 1 op, 200.00 ns, 200.0000 ns/op
OverheadActual  15: 1 op, 100.00 ns, 100.0000 ns/op
OverheadActual  16: 1 op, 100.00 ns, 100.0000 ns/op
OverheadActual  17: 1 op, 100.00 ns, 100.0000 ns/op
OverheadActual  18: 1 op, 100.00 ns, 100.0000 ns/op
OverheadActual  19: 1 op, 100.00 ns, 100.0000 ns/op
OverheadActual  20: 1 op, 100.00 ns, 100.0000 ns/op

WorkloadWarmup   1: 1 op, 51700.00 ns, 51.7000 us/op
WorkloadWarmup   2: 1 op, 3600.00 ns, 3.6000 us/op
WorkloadWarmup   3: 1 op, 2000.00 ns, 2.0000 us/op
WorkloadWarmup   4: 1 op, 2100.00 ns, 2.1000 us/op
WorkloadWarmup   5: 1 op, 2100.00 ns, 2.1000 us/op
WorkloadWarmup   6: 1 op, 1800.00 ns, 1.8000 us/op
WorkloadWarmup   7: 1 op, 2200.00 ns, 2.2000 us/op

// BeforeActualRun
WorkloadActual   1: 1 op, 2800.00 ns, 2.8000 us/op
WorkloadActual   2: 1 op, 2900.00 ns, 2.9000 us/op
WorkloadActual   3: 1 op, 2900.00 ns, 2.9000 us/op
WorkloadActual   4: 1 op, 2900.00 ns, 2.9000 us/op
WorkloadActual   5: 1 op, 2700.00 ns, 2.7000 us/op
WorkloadActual   6: 1 op, 2100.00 ns, 2.1000 us/op
WorkloadActual   7: 1 op, 2900.00 ns, 2.9000 us/op
WorkloadActual   8: 1 op, 3100.00 ns, 3.1000 us/op
WorkloadActual   9: 1 op, 2800.00 ns, 2.8000 us/op
WorkloadActual  10: 1 op, 2900.00 ns, 2.9000 us/op
WorkloadActual  11: 1 op, 2100.00 ns, 2.1000 us/op
WorkloadActual  12: 1 op, 2000.00 ns, 2.0000 us/op
WorkloadActual  13: 1 op, 2000.00 ns, 2.0000 us/op
WorkloadActual  14: 1 op, 2700.00 ns, 2.7000 us/op
WorkloadActual  15: 1 op, 3800.00 ns, 3.8000 us/op
WorkloadActual  16: 1 op, 2900.00 ns, 2.9000 us/op
WorkloadActual  17: 1 op, 2800.00 ns, 2.8000 us/op
WorkloadActual  18: 1 op, 2300.00 ns, 2.3000 us/op
WorkloadActual  19: 1 op, 2900.00 ns, 2.9000 us/op
WorkloadActual  20: 1 op, 2900.00 ns, 2.9000 us/op
WorkloadActual  21: 1 op, 2900.00 ns, 2.9000 us/op
WorkloadActual  22: 1 op, 2200.00 ns, 2.2000 us/op
WorkloadActual  23: 1 op, 2300.00 ns, 2.3000 us/op
WorkloadActual  24: 1 op, 2300.00 ns, 2.3000 us/op
WorkloadActual  25: 1 op, 2200.00 ns, 2.2000 us/op
WorkloadActual  26: 1 op, 2200.00 ns, 2.2000 us/op
WorkloadActual  27: 1 op, 3200.00 ns, 3.2000 us/op
WorkloadActual  28: 1 op, 2800.00 ns, 2.8000 us/op
WorkloadActual  29: 1 op, 2300.00 ns, 2.3000 us/op
WorkloadActual  30: 1 op, 2400.00 ns, 2.4000 us/op
WorkloadActual  31: 1 op, 2200.00 ns, 2.2000 us/op
WorkloadActual  32: 1 op, 2300.00 ns, 2.3000 us/op
WorkloadActual  33: 1 op, 2500.00 ns, 2.5000 us/op
WorkloadActual  34: 1 op, 2500.00 ns, 2.5000 us/op
WorkloadActual  35: 1 op, 3400.00 ns, 3.4000 us/op
WorkloadActual  36: 1 op, 3200.00 ns, 3.2000 us/op
WorkloadActual  37: 1 op, 2400.00 ns, 2.4000 us/op
WorkloadActual  38: 1 op, 2900.00 ns, 2.9000 us/op
WorkloadActual  39: 1 op, 2800.00 ns, 2.8000 us/op
WorkloadActual  40: 1 op, 2900.00 ns, 2.9000 us/op
WorkloadActual  41: 1 op, 2400.00 ns, 2.4000 us/op
WorkloadActual  42: 1 op, 2300.00 ns, 2.3000 us/op
WorkloadActual  43: 1 op, 2800.00 ns, 2.8000 us/op
WorkloadActual  44: 1 op, 2700.00 ns, 2.7000 us/op
WorkloadActual  45: 1 op, 2300.00 ns, 2.3000 us/op
WorkloadActual  46: 1 op, 2800.00 ns, 2.8000 us/op
WorkloadActual  47: 1 op, 2800.00 ns, 2.8000 us/op
WorkloadActual  48: 1 op, 2800.00 ns, 2.8000 us/op
WorkloadActual  49: 1 op, 2300.00 ns, 2.3000 us/op
WorkloadActual  50: 1 op, 2200.00 ns, 2.2000 us/op
WorkloadActual  51: 1 op, 2200.00 ns, 2.2000 us/op
WorkloadActual  52: 1 op, 2800.00 ns, 2.8000 us/op
WorkloadActual  53: 1 op, 2600.00 ns, 2.6000 us/op
WorkloadActual  54: 1 op, 2600.00 ns, 2.6000 us/op
WorkloadActual  55: 1 op, 2600.00 ns, 2.6000 us/op
WorkloadActual  56: 1 op, 2300.00 ns, 2.3000 us/op
WorkloadActual  57: 1 op, 2100.00 ns, 2.1000 us/op
WorkloadActual  58: 1 op, 2300.00 ns, 2.3000 us/op
WorkloadActual  59: 1 op, 2400.00 ns, 2.4000 us/op
WorkloadActual  60: 1 op, 2800.00 ns, 2.8000 us/op
WorkloadActual  61: 1 op, 2400.00 ns, 2.4000 us/op
WorkloadActual  62: 1 op, 2300.00 ns, 2.3000 us/op
WorkloadActual  63: 1 op, 2800.00 ns, 2.8000 us/op
WorkloadActual  64: 1 op, 2900.00 ns, 2.9000 us/op
WorkloadActual  65: 1 op, 3400.00 ns, 3.4000 us/op
WorkloadActual  66: 1 op, 2800.00 ns, 2.8000 us/op
WorkloadActual  67: 1 op, 3100.00 ns, 3.1000 us/op
WorkloadActual  68: 1 op, 2300.00 ns, 2.3000 us/op
WorkloadActual  69: 1 op, 2300.00 ns, 2.3000 us/op
WorkloadActual  70: 1 op, 2300.00 ns, 2.3000 us/op
WorkloadActual  71: 1 op, 2100.00 ns, 2.1000 us/op
WorkloadActual  72: 1 op, 3000.00 ns, 3.0000 us/op
WorkloadActual  73: 1 op, 3000.00 ns, 3.0000 us/op
WorkloadActual  74: 1 op, 2400.00 ns, 2.4000 us/op
WorkloadActual  75: 1 op, 2300.00 ns, 2.3000 us/op
WorkloadActual  76: 1 op, 2400.00 ns, 2.4000 us/op
WorkloadActual  77: 1 op, 2300.00 ns, 2.3000 us/op
WorkloadActual  78: 1 op, 2300.00 ns, 2.3000 us/op
WorkloadActual  79: 1 op, 2300.00 ns, 2.3000 us/op
WorkloadActual  80: 1 op, 2600.00 ns, 2.6000 us/op
WorkloadActual  81: 1 op, 3300.00 ns, 3.3000 us/op
WorkloadActual  82: 1 op, 3100.00 ns, 3.1000 us/op
WorkloadActual  83: 1 op, 3000.00 ns, 3.0000 us/op
WorkloadActual  84: 1 op, 3000.00 ns, 3.0000 us/op
WorkloadActual  85: 1 op, 3000.00 ns, 3.0000 us/op
WorkloadActual  86: 1 op, 3000.00 ns, 3.0000 us/op
WorkloadActual  87: 1 op, 3200.00 ns, 3.2000 us/op
WorkloadActual  88: 1 op, 3000.00 ns, 3.0000 us/op
WorkloadActual  89: 1 op, 2300.00 ns, 2.3000 us/op
WorkloadActual  90: 1 op, 2900.00 ns, 2.9000 us/op
WorkloadActual  91: 1 op, 2500.00 ns, 2.5000 us/op
WorkloadActual  92: 1 op, 2300.00 ns, 2.3000 us/op
WorkloadActual  93: 1 op, 3000.00 ns, 3.0000 us/op
WorkloadActual  94: 1 op, 2500.00 ns, 2.5000 us/op
WorkloadActual  95: 1 op, 2300.00 ns, 2.3000 us/op
WorkloadActual  96: 1 op, 2300.00 ns, 2.3000 us/op
WorkloadActual  97: 1 op, 2700.00 ns, 2.7000 us/op
WorkloadActual  98: 1 op, 2300.00 ns, 2.3000 us/op
WorkloadActual  99: 1 op, 2900.00 ns, 2.9000 us/op
WorkloadActual  100: 1 op, 2400.00 ns, 2.4000 us/op

// AfterActualRun
WorkloadResult   1: 1 op, 2700.00 ns, 2.7000 us/op
WorkloadResult   2: 1 op, 2800.00 ns, 2.8000 us/op
WorkloadResult   3: 1 op, 2800.00 ns, 2.8000 us/op
WorkloadResult   4: 1 op, 2800.00 ns, 2.8000 us/op
WorkloadResult   5: 1 op, 2600.00 ns, 2.6000 us/op
WorkloadResult   6: 1 op, 2000.00 ns, 2.0000 us/op
WorkloadResult   7: 1 op, 2800.00 ns, 2.8000 us/op
WorkloadResult   8: 1 op, 3000.00 ns, 3.0000 us/op
WorkloadResult   9: 1 op, 2700.00 ns, 2.7000 us/op
WorkloadResult  10: 1 op, 2800.00 ns, 2.8000 us/op
WorkloadResult  11: 1 op, 2000.00 ns, 2.0000 us/op
WorkloadResult  12: 1 op, 1900.00 ns, 1.9000 us/op
WorkloadResult  13: 1 op, 1900.00 ns, 1.9000 us/op
WorkloadResult  14: 1 op, 2600.00 ns, 2.6000 us/op
WorkloadResult  15: 1 op, 3700.00 ns, 3.7000 us/op
WorkloadResult  16: 1 op, 2800.00 ns, 2.8000 us/op
WorkloadResult  17: 1 op, 2700.00 ns, 2.7000 us/op
WorkloadResult  18: 1 op, 2200.00 ns, 2.2000 us/op
WorkloadResult  19: 1 op, 2800.00 ns, 2.8000 us/op
WorkloadResult  20: 1 op, 2800.00 ns, 2.8000 us/op
WorkloadResult  21: 1 op, 2800.00 ns, 2.8000 us/op
WorkloadResult  22: 1 op, 2100.00 ns, 2.1000 us/op
WorkloadResult  23: 1 op, 2200.00 ns, 2.2000 us/op
WorkloadResult  24: 1 op, 2200.00 ns, 2.2000 us/op
WorkloadResult  25: 1 op, 2100.00 ns, 2.1000 us/op
WorkloadResult  26: 1 op, 2100.00 ns, 2.1000 us/op
WorkloadResult  27: 1 op, 3100.00 ns, 3.1000 us/op
WorkloadResult  28: 1 op, 2700.00 ns, 2.7000 us/op
WorkloadResult  29: 1 op, 2200.00 ns, 2.2000 us/op
WorkloadResult  30: 1 op, 2300.00 ns, 2.3000 us/op
WorkloadResult  31: 1 op, 2100.00 ns, 2.1000 us/op
WorkloadResult  32: 1 op, 2200.00 ns, 2.2000 us/op
WorkloadResult  33: 1 op, 2400.00 ns, 2.4000 us/op
WorkloadResult  34: 1 op, 2400.00 ns, 2.4000 us/op
WorkloadResult  35: 1 op, 3300.00 ns, 3.3000 us/op
WorkloadResult  36: 1 op, 3100.00 ns, 3.1000 us/op
WorkloadResult  37: 1 op, 2300.00 ns, 2.3000 us/op
WorkloadResult  38: 1 op, 2800.00 ns, 2.8000 us/op
WorkloadResult  39: 1 op, 2700.00 ns, 2.7000 us/op
WorkloadResult  40: 1 op, 2800.00 ns, 2.8000 us/op
WorkloadResult  41: 1 op, 2300.00 ns, 2.3000 us/op
WorkloadResult  42: 1 op, 2200.00 ns, 2.2000 us/op
WorkloadResult  43: 1 op, 2700.00 ns, 2.7000 us/op
WorkloadResult  44: 1 op, 2600.00 ns, 2.6000 us/op
WorkloadResult  45: 1 op, 2200.00 ns, 2.2000 us/op
WorkloadResult  46: 1 op, 2700.00 ns, 2.7000 us/op
WorkloadResult  47: 1 op, 2700.00 ns, 2.7000 us/op
WorkloadResult  48: 1 op, 2700.00 ns, 2.7000 us/op
WorkloadResult  49: 1 op, 2200.00 ns, 2.2000 us/op
WorkloadResult  50: 1 op, 2100.00 ns, 2.1000 us/op
WorkloadResult  51: 1 op, 2100.00 ns, 2.1000 us/op
WorkloadResult  52: 1 op, 2700.00 ns, 2.7000 us/op
WorkloadResult  53: 1 op, 2500.00 ns, 2.5000 us/op
WorkloadResult  54: 1 op, 2500.00 ns, 2.5000 us/op
WorkloadResult  55: 1 op, 2500.00 ns, 2.5000 us/op
WorkloadResult  56: 1 op, 2200.00 ns, 2.2000 us/op
WorkloadResult  57: 1 op, 2000.00 ns, 2.0000 us/op
WorkloadResult  58: 1 op, 2200.00 ns, 2.2000 us/op
WorkloadResult  59: 1 op, 2300.00 ns, 2.3000 us/op
WorkloadResult  60: 1 op, 2700.00 ns, 2.7000 us/op
WorkloadResult  61: 1 op, 2300.00 ns, 2.3000 us/op
WorkloadResult  62: 1 op, 2200.00 ns, 2.2000 us/op
WorkloadResult  63: 1 op, 2700.00 ns, 2.7000 us/op
WorkloadResult  64: 1 op, 2800.00 ns, 2.8000 us/op
WorkloadResult  65: 1 op, 3300.00 ns, 3.3000 us/op
WorkloadResult  66: 1 op, 2700.00 ns, 2.7000 us/op
WorkloadResult  67: 1 op, 3000.00 ns, 3.0000 us/op
WorkloadResult  68: 1 op, 2200.00 ns, 2.2000 us/op
WorkloadResult  69: 1 op, 2200.00 ns, 2.2000 us/op
WorkloadResult  70: 1 op, 2200.00 ns, 2.2000 us/op
WorkloadResult  71: 1 op, 2000.00 ns, 2.0000 us/op
WorkloadResult  72: 1 op, 2900.00 ns, 2.9000 us/op
WorkloadResult  73: 1 op, 2900.00 ns, 2.9000 us/op
WorkloadResult  74: 1 op, 2300.00 ns, 2.3000 us/op
WorkloadResult  75: 1 op, 2200.00 ns, 2.2000 us/op
WorkloadResult  76: 1 op, 2300.00 ns, 2.3000 us/op
WorkloadResult  77: 1 op, 2200.00 ns, 2.2000 us/op
WorkloadResult  78: 1 op, 2200.00 ns, 2.2000 us/op
WorkloadResult  79: 1 op, 2200.00 ns, 2.2000 us/op
WorkloadResult  80: 1 op, 2500.00 ns, 2.5000 us/op
WorkloadResult  81: 1 op, 3200.00 ns, 3.2000 us/op
WorkloadResult  82: 1 op, 3000.00 ns, 3.0000 us/op
WorkloadResult  83: 1 op, 2900.00 ns, 2.9000 us/op
WorkloadResult  84: 1 op, 2900.00 ns, 2.9000 us/op
WorkloadResult  85: 1 op, 2900.00 ns, 2.9000 us/op
WorkloadResult  86: 1 op, 2900.00 ns, 2.9000 us/op
WorkloadResult  87: 1 op, 3100.00 ns, 3.1000 us/op
WorkloadResult  88: 1 op, 2900.00 ns, 2.9000 us/op
WorkloadResult  89: 1 op, 2200.00 ns, 2.2000 us/op
WorkloadResult  90: 1 op, 2800.00 ns, 2.8000 us/op
WorkloadResult  91: 1 op, 2400.00 ns, 2.4000 us/op
WorkloadResult  92: 1 op, 2200.00 ns, 2.2000 us/op
WorkloadResult  93: 1 op, 2900.00 ns, 2.9000 us/op
WorkloadResult  94: 1 op, 2400.00 ns, 2.4000 us/op
WorkloadResult  95: 1 op, 2200.00 ns, 2.2000 us/op
WorkloadResult  96: 1 op, 2200.00 ns, 2.2000 us/op
WorkloadResult  97: 1 op, 2600.00 ns, 2.6000 us/op
WorkloadResult  98: 1 op, 2200.00 ns, 2.2000 us/op
WorkloadResult  99: 1 op, 2800.00 ns, 2.8000 us/op
WorkloadResult  100: 1 op, 2300.00 ns, 2.3000 us/op
// GC:  0 0 0 0 1
// Threading:  0 0 1

// AfterAll
// Benchmark Process 28412 has exited with code 0.

Mean = 2.527 μs, StdErr = 0.036 μs (1.44%), N = 100, StdDev = 0.365 μs
Min = 1.900 μs, Q1 = 2.200 μs, Median = 2.500 μs, Q3 = 2.800 μs, Max = 3.700 μs
IQR = 0.600 μs, LowerFence = 1.300 μs, UpperFence = 3.700 μs
ConfidenceInterval = [2.403 μs; 2.651 μs] (CI 99.9%), Margin = 0.124 μs (4.90% of Mean)
Skewness = 0.42, Kurtosis = 2.61, MValue = 4.97

// ** Remained 3 (33,3%) benchmark(s) to run. Estimated finish 2026-06-28 14:52 (0h 0m from now) **
Setup power plan (GUID: 8c5e7fda-e8bf-4a96-9a85-a6e23a8c635c FriendlyName: Alto desempenho)
// **************************
// Benchmark: DominioBenchmarks.ChaveAcesso_ExtrairUf_SP: Job-CNUJVU(InvocationCount=1, UnrollFactor=1)
// *** Execute ***
// Launch: 1 / 1
// Execute: dotnet TruckFlow.Benchmarks-Job-CNUJVU-1.dll --anonymousPipes 1364 1140 --benchmarkName TruckFlow.Benchmarks.Benchmarks.DominioBenchmarks.ChaveAcesso_ExtrairUf_SP --job "InvocationCount=1, UnrollFactor=1" --benchmarkId 6 in C:\Users\User\Documents\GitHub\TruckFlow\src\TruckFlowApi\TruckFlow.Benchmarks\bin\Release\net8.0\TruckFlow.Benchmarks-Job-CNUJVU-1\bin\Release\net8.0
// BeforeAnythingElse

// Benchmark Process Environment Information:
// BenchmarkDotNet v0.15.8
// Runtime=.NET 8.0.19 (8.0.19, 8.0.1925.36514), X64 RyuJIT x86-64-v3
// GC=Concurrent Workstation
// HardwareIntrinsics=AVX2+BMI1+BMI2+F16C+FMA+LZCNT+MOVBE,AVX,SSE3+SSSE3+SSE4.1+SSE4.2+POPCNT,X86Base+SSE+SSE2,AES+PCLMUL VectorSize=256
// Job: Job-CNUJVU(InvocationCount=1, UnrollFactor=1)

OverheadJitting  1: 1 op, 159400.00 ns, 159.4000 us/op
WorkloadJitting  1: 1 op, 1412600.00 ns, 1.4126 ms/op

OverheadWarmup   1: 1 op, 400.00 ns, 400.0000 ns/op
OverheadWarmup   2: 1 op, 200.00 ns, 200.0000 ns/op
OverheadWarmup   3: 1 op, 200.00 ns, 200.0000 ns/op
OverheadWarmup   4: 1 op, 200.00 ns, 200.0000 ns/op
OverheadWarmup   5: 1 op, 200.00 ns, 200.0000 ns/op
OverheadWarmup   6: 1 op, 100.00 ns, 100.0000 ns/op

OverheadActual   1: 1 op, 300.00 ns, 300.0000 ns/op
OverheadActual   2: 1 op, 100.00 ns, 100.0000 ns/op
OverheadActual   3: 1 op, 400.00 ns, 400.0000 ns/op
OverheadActual   4: 1 op, 200.00 ns, 200.0000 ns/op
OverheadActual   5: 1 op, 100.00 ns, 100.0000 ns/op
OverheadActual   6: 1 op, 100.00 ns, 100.0000 ns/op
OverheadActual   7: 1 op, 200.00 ns, 200.0000 ns/op
OverheadActual   8: 1 op, 200.00 ns, 200.0000 ns/op
OverheadActual   9: 1 op, 100.00 ns, 100.0000 ns/op
OverheadActual  10: 1 op, 100.00 ns, 100.0000 ns/op
OverheadActual  11: 1 op, 200.00 ns, 200.0000 ns/op
OverheadActual  12: 1 op, 200.00 ns, 200.0000 ns/op
OverheadActual  13: 1 op, 100.00 ns, 100.0000 ns/op
OverheadActual  14: 1 op, 200.00 ns, 200.0000 ns/op
OverheadActual  15: 1 op, 100.00 ns, 100.0000 ns/op
OverheadActual  16: 1 op, 100.00 ns, 100.0000 ns/op
OverheadActual  17: 1 op, 200.00 ns, 200.0000 ns/op
OverheadActual  18: 1 op, 200.00 ns, 200.0000 ns/op
OverheadActual  19: 1 op, 200.00 ns, 200.0000 ns/op
OverheadActual  20: 1 op, 200.00 ns, 200.0000 ns/op

WorkloadWarmup   1: 1 op, 4700.00 ns, 4.7000 us/op
WorkloadWarmup   2: 1 op, 2300.00 ns, 2.3000 us/op
WorkloadWarmup   3: 1 op, 2300.00 ns, 2.3000 us/op
WorkloadWarmup   4: 1 op, 2400.00 ns, 2.4000 us/op
WorkloadWarmup   5: 1 op, 2700.00 ns, 2.7000 us/op
WorkloadWarmup   6: 1 op, 2700.00 ns, 2.7000 us/op
WorkloadWarmup   7: 1 op, 2500.00 ns, 2.5000 us/op

// BeforeActualRun
WorkloadActual   1: 1 op, 3400.00 ns, 3.4000 us/op
WorkloadActual   2: 1 op, 2000.00 ns, 2.0000 us/op
WorkloadActual   3: 1 op, 2000.00 ns, 2.0000 us/op
WorkloadActual   4: 1 op, 2600.00 ns, 2.6000 us/op
WorkloadActual   5: 1 op, 2700.00 ns, 2.7000 us/op
WorkloadActual   6: 1 op, 2400.00 ns, 2.4000 us/op
WorkloadActual   7: 1 op, 19700.00 ns, 19.7000 us/op
WorkloadActual   8: 1 op, 2400.00 ns, 2.4000 us/op
WorkloadActual   9: 1 op, 2600.00 ns, 2.6000 us/op
WorkloadActual  10: 1 op, 2900.00 ns, 2.9000 us/op
WorkloadActual  11: 1 op, 2400.00 ns, 2.4000 us/op
WorkloadActual  12: 1 op, 3000.00 ns, 3.0000 us/op
WorkloadActual  13: 1 op, 2600.00 ns, 2.6000 us/op
WorkloadActual  14: 1 op, 2900.00 ns, 2.9000 us/op
WorkloadActual  15: 1 op, 2800.00 ns, 2.8000 us/op
WorkloadActual  16: 1 op, 2300.00 ns, 2.3000 us/op
WorkloadActual  17: 1 op, 2600.00 ns, 2.6000 us/op
WorkloadActual  18: 1 op, 2500.00 ns, 2.5000 us/op
WorkloadActual  19: 1 op, 2600.00 ns, 2.6000 us/op
WorkloadActual  20: 1 op, 2200.00 ns, 2.2000 us/op
WorkloadActual  21: 1 op, 2300.00 ns, 2.3000 us/op
WorkloadActual  22: 1 op, 2100.00 ns, 2.1000 us/op
WorkloadActual  23: 1 op, 2800.00 ns, 2.8000 us/op
WorkloadActual  24: 1 op, 2400.00 ns, 2.4000 us/op
WorkloadActual  25: 1 op, 2400.00 ns, 2.4000 us/op
WorkloadActual  26: 1 op, 2800.00 ns, 2.8000 us/op
WorkloadActual  27: 1 op, 2700.00 ns, 2.7000 us/op
WorkloadActual  28: 1 op, 2700.00 ns, 2.7000 us/op
WorkloadActual  29: 1 op, 2600.00 ns, 2.6000 us/op
WorkloadActual  30: 1 op, 1900.00 ns, 1.9000 us/op
WorkloadActual  31: 1 op, 2100.00 ns, 2.1000 us/op
WorkloadActual  32: 1 op, 1600.00 ns, 1.6000 us/op
WorkloadActual  33: 1 op, 2300.00 ns, 2.3000 us/op
WorkloadActual  34: 1 op, 2300.00 ns, 2.3000 us/op
WorkloadActual  35: 1 op, 2100.00 ns, 2.1000 us/op
WorkloadActual  36: 1 op, 1800.00 ns, 1.8000 us/op
WorkloadActual  37: 1 op, 2800.00 ns, 2.8000 us/op
WorkloadActual  38: 1 op, 2200.00 ns, 2.2000 us/op
WorkloadActual  39: 1 op, 2600.00 ns, 2.6000 us/op
WorkloadActual  40: 1 op, 2900.00 ns, 2.9000 us/op
WorkloadActual  41: 1 op, 3100.00 ns, 3.1000 us/op
WorkloadActual  42: 1 op, 3000.00 ns, 3.0000 us/op
WorkloadActual  43: 1 op, 3000.00 ns, 3.0000 us/op
WorkloadActual  44: 1 op, 2700.00 ns, 2.7000 us/op
WorkloadActual  45: 1 op, 2800.00 ns, 2.8000 us/op
WorkloadActual  46: 1 op, 2300.00 ns, 2.3000 us/op
WorkloadActual  47: 1 op, 2400.00 ns, 2.4000 us/op
WorkloadActual  48: 1 op, 3000.00 ns, 3.0000 us/op
WorkloadActual  49: 1 op, 2900.00 ns, 2.9000 us/op
WorkloadActual  50: 1 op, 3100.00 ns, 3.1000 us/op
WorkloadActual  51: 1 op, 3300.00 ns, 3.3000 us/op
WorkloadActual  52: 1 op, 3100.00 ns, 3.1000 us/op
WorkloadActual  53: 1 op, 3100.00 ns, 3.1000 us/op
WorkloadActual  54: 1 op, 3400.00 ns, 3.4000 us/op
WorkloadActual  55: 1 op, 4000.00 ns, 4.0000 us/op
WorkloadActual  56: 1 op, 4300.00 ns, 4.3000 us/op
WorkloadActual  57: 1 op, 2500.00 ns, 2.5000 us/op
WorkloadActual  58: 1 op, 3100.00 ns, 3.1000 us/op
WorkloadActual  59: 1 op, 2600.00 ns, 2.6000 us/op
WorkloadActual  60: 1 op, 3200.00 ns, 3.2000 us/op
WorkloadActual  61: 1 op, 3500.00 ns, 3.5000 us/op
WorkloadActual  62: 1 op, 2500.00 ns, 2.5000 us/op
WorkloadActual  63: 1 op, 2700.00 ns, 2.7000 us/op
WorkloadActual  64: 1 op, 2800.00 ns, 2.8000 us/op
WorkloadActual  65: 1 op, 2600.00 ns, 2.6000 us/op
WorkloadActual  66: 1 op, 2600.00 ns, 2.6000 us/op
WorkloadActual  67: 1 op, 2700.00 ns, 2.7000 us/op
WorkloadActual  68: 1 op, 2300.00 ns, 2.3000 us/op
WorkloadActual  69: 1 op, 2600.00 ns, 2.6000 us/op
WorkloadActual  70: 1 op, 2100.00 ns, 2.1000 us/op
WorkloadActual  71: 1 op, 1900.00 ns, 1.9000 us/op
WorkloadActual  72: 1 op, 1800.00 ns, 1.8000 us/op
WorkloadActual  73: 1 op, 2100.00 ns, 2.1000 us/op
WorkloadActual  74: 1 op, 2900.00 ns, 2.9000 us/op
WorkloadActual  75: 1 op, 3300.00 ns, 3.3000 us/op
WorkloadActual  76: 1 op, 3200.00 ns, 3.2000 us/op
WorkloadActual  77: 1 op, 3000.00 ns, 3.0000 us/op
WorkloadActual  78: 1 op, 2700.00 ns, 2.7000 us/op
WorkloadActual  79: 1 op, 2000.00 ns, 2.0000 us/op
WorkloadActual  80: 1 op, 11800.00 ns, 11.8000 us/op
WorkloadActual  81: 1 op, 2500.00 ns, 2.5000 us/op
WorkloadActual  82: 1 op, 4500.00 ns, 4.5000 us/op
WorkloadActual  83: 1 op, 2500.00 ns, 2.5000 us/op
WorkloadActual  84: 1 op, 2400.00 ns, 2.4000 us/op
WorkloadActual  85: 1 op, 2500.00 ns, 2.5000 us/op
WorkloadActual  86: 1 op, 2800.00 ns, 2.8000 us/op
WorkloadActual  87: 1 op, 2300.00 ns, 2.3000 us/op
WorkloadActual  88: 1 op, 2700.00 ns, 2.7000 us/op
WorkloadActual  89: 1 op, 2600.00 ns, 2.6000 us/op
WorkloadActual  90: 1 op, 2000.00 ns, 2.0000 us/op
WorkloadActual  91: 1 op, 2900.00 ns, 2.9000 us/op
WorkloadActual  92: 1 op, 3200.00 ns, 3.2000 us/op
WorkloadActual  93: 1 op, 2300.00 ns, 2.3000 us/op
WorkloadActual  94: 1 op, 2900.00 ns, 2.9000 us/op
WorkloadActual  95: 1 op, 2700.00 ns, 2.7000 us/op
WorkloadActual  96: 1 op, 3200.00 ns, 3.2000 us/op
WorkloadActual  97: 1 op, 2600.00 ns, 2.6000 us/op
WorkloadActual  98: 1 op, 2800.00 ns, 2.8000 us/op
WorkloadActual  99: 1 op, 3200.00 ns, 3.2000 us/op
WorkloadActual  100: 1 op, 2400.00 ns, 2.4000 us/op

// AfterActualRun
WorkloadResult   1: 1 op, 3200.00 ns, 3.2000 us/op
WorkloadResult   2: 1 op, 1800.00 ns, 1.8000 us/op
WorkloadResult   3: 1 op, 1800.00 ns, 1.8000 us/op
WorkloadResult   4: 1 op, 2400.00 ns, 2.4000 us/op
WorkloadResult   5: 1 op, 2500.00 ns, 2.5000 us/op
WorkloadResult   6: 1 op, 2200.00 ns, 2.2000 us/op
WorkloadResult   7: 1 op, 2200.00 ns, 2.2000 us/op
WorkloadResult   8: 1 op, 2400.00 ns, 2.4000 us/op
WorkloadResult   9: 1 op, 2700.00 ns, 2.7000 us/op
WorkloadResult  10: 1 op, 2200.00 ns, 2.2000 us/op
WorkloadResult  11: 1 op, 2800.00 ns, 2.8000 us/op
WorkloadResult  12: 1 op, 2400.00 ns, 2.4000 us/op
WorkloadResult  13: 1 op, 2700.00 ns, 2.7000 us/op
WorkloadResult  14: 1 op, 2600.00 ns, 2.6000 us/op
WorkloadResult  15: 1 op, 2100.00 ns, 2.1000 us/op
WorkloadResult  16: 1 op, 2400.00 ns, 2.4000 us/op
WorkloadResult  17: 1 op, 2300.00 ns, 2.3000 us/op
WorkloadResult  18: 1 op, 2400.00 ns, 2.4000 us/op
WorkloadResult  19: 1 op, 2000.00 ns, 2.0000 us/op
WorkloadResult  20: 1 op, 2100.00 ns, 2.1000 us/op
WorkloadResult  21: 1 op, 1900.00 ns, 1.9000 us/op
WorkloadResult  22: 1 op, 2600.00 ns, 2.6000 us/op
WorkloadResult  23: 1 op, 2200.00 ns, 2.2000 us/op
WorkloadResult  24: 1 op, 2200.00 ns, 2.2000 us/op
WorkloadResult  25: 1 op, 2600.00 ns, 2.6000 us/op
WorkloadResult  26: 1 op, 2500.00 ns, 2.5000 us/op
WorkloadResult  27: 1 op, 2500.00 ns, 2.5000 us/op
WorkloadResult  28: 1 op, 2400.00 ns, 2.4000 us/op
WorkloadResult  29: 1 op, 1700.00 ns, 1.7000 us/op
WorkloadResult  30: 1 op, 1900.00 ns, 1.9000 us/op
WorkloadResult  31: 1 op, 1400.00 ns, 1.4000 us/op
WorkloadResult  32: 1 op, 2100.00 ns, 2.1000 us/op
WorkloadResult  33: 1 op, 2100.00 ns, 2.1000 us/op
WorkloadResult  34: 1 op, 1900.00 ns, 1.9000 us/op
WorkloadResult  35: 1 op, 1600.00 ns, 1.6000 us/op
WorkloadResult  36: 1 op, 2600.00 ns, 2.6000 us/op
WorkloadResult  37: 1 op, 2000.00 ns, 2.0000 us/op
WorkloadResult  38: 1 op, 2400.00 ns, 2.4000 us/op
WorkloadResult  39: 1 op, 2700.00 ns, 2.7000 us/op
WorkloadResult  40: 1 op, 2900.00 ns, 2.9000 us/op
WorkloadResult  41: 1 op, 2800.00 ns, 2.8000 us/op
WorkloadResult  42: 1 op, 2800.00 ns, 2.8000 us/op
WorkloadResult  43: 1 op, 2500.00 ns, 2.5000 us/op
WorkloadResult  44: 1 op, 2600.00 ns, 2.6000 us/op
WorkloadResult  45: 1 op, 2100.00 ns, 2.1000 us/op
WorkloadResult  46: 1 op, 2200.00 ns, 2.2000 us/op
WorkloadResult  47: 1 op, 2800.00 ns, 2.8000 us/op
WorkloadResult  48: 1 op, 2700.00 ns, 2.7000 us/op
WorkloadResult  49: 1 op, 2900.00 ns, 2.9000 us/op
WorkloadResult  50: 1 op, 3100.00 ns, 3.1000 us/op
WorkloadResult  51: 1 op, 2900.00 ns, 2.9000 us/op
WorkloadResult  52: 1 op, 2900.00 ns, 2.9000 us/op
WorkloadResult  53: 1 op, 3200.00 ns, 3.2000 us/op
WorkloadResult  54: 1 op, 2300.00 ns, 2.3000 us/op
WorkloadResult  55: 1 op, 2900.00 ns, 2.9000 us/op
WorkloadResult  56: 1 op, 2400.00 ns, 2.4000 us/op
WorkloadResult  57: 1 op, 3000.00 ns, 3.0000 us/op
WorkloadResult  58: 1 op, 3300.00 ns, 3.3000 us/op
WorkloadResult  59: 1 op, 2300.00 ns, 2.3000 us/op
WorkloadResult  60: 1 op, 2500.00 ns, 2.5000 us/op
WorkloadResult  61: 1 op, 2600.00 ns, 2.6000 us/op
WorkloadResult  62: 1 op, 2400.00 ns, 2.4000 us/op
WorkloadResult  63: 1 op, 2400.00 ns, 2.4000 us/op
WorkloadResult  64: 1 op, 2500.00 ns, 2.5000 us/op
WorkloadResult  65: 1 op, 2100.00 ns, 2.1000 us/op
WorkloadResult  66: 1 op, 2400.00 ns, 2.4000 us/op
WorkloadResult  67: 1 op, 1900.00 ns, 1.9000 us/op
WorkloadResult  68: 1 op, 1700.00 ns, 1.7000 us/op
WorkloadResult  69: 1 op, 1600.00 ns, 1.6000 us/op
WorkloadResult  70: 1 op, 1900.00 ns, 1.9000 us/op
WorkloadResult  71: 1 op, 2700.00 ns, 2.7000 us/op
WorkloadResult  72: 1 op, 3100.00 ns, 3.1000 us/op
WorkloadResult  73: 1 op, 3000.00 ns, 3.0000 us/op
WorkloadResult  74: 1 op, 2800.00 ns, 2.8000 us/op
WorkloadResult  75: 1 op, 2500.00 ns, 2.5000 us/op
WorkloadResult  76: 1 op, 1800.00 ns, 1.8000 us/op
WorkloadResult  77: 1 op, 2300.00 ns, 2.3000 us/op
WorkloadResult  78: 1 op, 2300.00 ns, 2.3000 us/op
WorkloadResult  79: 1 op, 2200.00 ns, 2.2000 us/op
WorkloadResult  80: 1 op, 2300.00 ns, 2.3000 us/op
WorkloadResult  81: 1 op, 2600.00 ns, 2.6000 us/op
WorkloadResult  82: 1 op, 2100.00 ns, 2.1000 us/op
WorkloadResult  83: 1 op, 2500.00 ns, 2.5000 us/op
WorkloadResult  84: 1 op, 2400.00 ns, 2.4000 us/op
WorkloadResult  85: 1 op, 1800.00 ns, 1.8000 us/op
WorkloadResult  86: 1 op, 2700.00 ns, 2.7000 us/op
WorkloadResult  87: 1 op, 3000.00 ns, 3.0000 us/op
WorkloadResult  88: 1 op, 2100.00 ns, 2.1000 us/op
WorkloadResult  89: 1 op, 2700.00 ns, 2.7000 us/op
WorkloadResult  90: 1 op, 2500.00 ns, 2.5000 us/op
WorkloadResult  91: 1 op, 3000.00 ns, 3.0000 us/op
WorkloadResult  92: 1 op, 2400.00 ns, 2.4000 us/op
WorkloadResult  93: 1 op, 2600.00 ns, 2.6000 us/op
WorkloadResult  94: 1 op, 3000.00 ns, 3.0000 us/op
WorkloadResult  95: 1 op, 2200.00 ns, 2.2000 us/op
// GC:  0 0 0 224 1
// Threading:  0 0 1

// AfterAll
// Benchmark Process 31208 has exited with code 0.

Mean = 2.418 μs, StdErr = 0.041 μs (1.71%), N = 95, StdDev = 0.403 μs
Min = 1.400 μs, Q1 = 2.150 μs, Median = 2.400 μs, Q3 = 2.700 μs, Max = 3.300 μs
IQR = 0.550 μs, LowerFence = 1.325 μs, UpperFence = 3.525 μs
ConfidenceInterval = [2.277 μs; 2.559 μs] (CI 99.9%), Margin = 0.141 μs (5.82% of Mean)
Skewness = -0.11, Kurtosis = 2.54, MValue = 2.6

// ** Remained 2 (22,2%) benchmark(s) to run. Estimated finish 2026-06-28 14:52 (0h 0m from now) **
Setup power plan (GUID: 8c5e7fda-e8bf-4a96-9a85-a6e23a8c635c FriendlyName: Alto desempenho)
// **************************
// Benchmark: DominioBenchmarks.ChaveAcesso_ExtrairUf_CodigoInexistente: Job-CNUJVU(InvocationCount=1, UnrollFactor=1)
// *** Execute ***
// Launch: 1 / 1
// Execute: dotnet TruckFlow.Benchmarks-Job-CNUJVU-1.dll --anonymousPipes 1248 1456 --benchmarkName TruckFlow.Benchmarks.Benchmarks.DominioBenchmarks.ChaveAcesso_ExtrairUf_CodigoInexistente --job "InvocationCount=1, UnrollFactor=1" --benchmarkId 7 in C:\Users\User\Documents\GitHub\TruckFlow\src\TruckFlowApi\TruckFlow.Benchmarks\bin\Release\net8.0\TruckFlow.Benchmarks-Job-CNUJVU-1\bin\Release\net8.0
// BeforeAnythingElse

// Benchmark Process Environment Information:
// BenchmarkDotNet v0.15.8
// Runtime=.NET 8.0.19 (8.0.19, 8.0.1925.36514), X64 RyuJIT x86-64-v3
// GC=Concurrent Workstation
// HardwareIntrinsics=AVX2+BMI1+BMI2+F16C+FMA+LZCNT+MOVBE,AVX,SSE3+SSSE3+SSE4.1+SSE4.2+POPCNT,X86Base+SSE+SSE2,AES+PCLMUL VectorSize=256
// Job: Job-CNUJVU(InvocationCount=1, UnrollFactor=1)

OverheadJitting  1: 1 op, 381700.00 ns, 381.7000 us/op
WorkloadJitting  1: 1 op, 1311400.00 ns, 1.3114 ms/op

OverheadWarmup   1: 1 op, 500.00 ns, 500.0000 ns/op
OverheadWarmup   2: 1 op, 200.00 ns, 200.0000 ns/op
OverheadWarmup   3: 1 op, 100.00 ns, 100.0000 ns/op
OverheadWarmup   4: 1 op, 200.00 ns, 200.0000 ns/op
OverheadWarmup   5: 1 op, 200.00 ns, 200.0000 ns/op
OverheadWarmup   6: 1 op, 100.00 ns, 100.0000 ns/op
OverheadWarmup   7: 1 op, 100.00 ns, 100.0000 ns/op

OverheadActual   1: 1 op, 300.00 ns, 300.0000 ns/op
OverheadActual   2: 1 op, 700.00 ns, 700.0000 ns/op
OverheadActual   3: 1 op, 500.00 ns, 500.0000 ns/op
OverheadActual   4: 1 op, 100.00 ns, 100.0000 ns/op
OverheadActual   5: 1 op, 100.00 ns, 100.0000 ns/op
OverheadActual   6: 1 op, 100.00 ns, 100.0000 ns/op
OverheadActual   7: 1 op, 100.00 ns, 100.0000 ns/op
OverheadActual   8: 1 op, 200.00 ns, 200.0000 ns/op
OverheadActual   9: 1 op, 200.00 ns, 200.0000 ns/op
OverheadActual  10: 1 op, 100.00 ns, 100.0000 ns/op
OverheadActual  11: 1 op, 100.00 ns, 100.0000 ns/op
OverheadActual  12: 1 op, 100.00 ns, 100.0000 ns/op
OverheadActual  13: 1 op, 200.00 ns, 200.0000 ns/op
OverheadActual  14: 1 op, 200.00 ns, 200.0000 ns/op
OverheadActual  15: 1 op, 100.00 ns, 100.0000 ns/op
OverheadActual  16: 1 op, 200.00 ns, 200.0000 ns/op
OverheadActual  17: 1 op, 200.00 ns, 200.0000 ns/op
OverheadActual  18: 1 op, 200.00 ns, 200.0000 ns/op
OverheadActual  19: 1 op, 100.00 ns, 100.0000 ns/op
OverheadActual  20: 1 op, 100.00 ns, 100.0000 ns/op

WorkloadWarmup   1: 1 op, 5600.00 ns, 5.6000 us/op
WorkloadWarmup   2: 1 op, 2200.00 ns, 2.2000 us/op
WorkloadWarmup   3: 1 op, 2200.00 ns, 2.2000 us/op
WorkloadWarmup   4: 1 op, 1600.00 ns, 1.6000 us/op
WorkloadWarmup   5: 1 op, 1600.00 ns, 1.6000 us/op
WorkloadWarmup   6: 1 op, 1500.00 ns, 1.5000 us/op

// BeforeActualRun
WorkloadActual   1: 1 op, 2600.00 ns, 2.6000 us/op
WorkloadActual   2: 1 op, 2800.00 ns, 2.8000 us/op
WorkloadActual   3: 1 op, 2300.00 ns, 2.3000 us/op
WorkloadActual   4: 1 op, 1800.00 ns, 1.8000 us/op
WorkloadActual   5: 1 op, 2200.00 ns, 2.2000 us/op
WorkloadActual   6: 1 op, 2300.00 ns, 2.3000 us/op
WorkloadActual   7: 1 op, 1700.00 ns, 1.7000 us/op
WorkloadActual   8: 1 op, 1600.00 ns, 1.6000 us/op
WorkloadActual   9: 1 op, 1600.00 ns, 1.6000 us/op
WorkloadActual  10: 1 op, 1600.00 ns, 1.6000 us/op
WorkloadActual  11: 1 op, 2600.00 ns, 2.6000 us/op
WorkloadActual  12: 1 op, 2700.00 ns, 2.7000 us/op
WorkloadActual  13: 1 op, 2200.00 ns, 2.2000 us/op
WorkloadActual  14: 1 op, 2800.00 ns, 2.8000 us/op
WorkloadActual  15: 1 op, 2000.00 ns, 2.0000 us/op
WorkloadActual  16: 1 op, 1800.00 ns, 1.8000 us/op
WorkloadActual  17: 1 op, 1700.00 ns, 1.7000 us/op
WorkloadActual  18: 1 op, 1700.00 ns, 1.7000 us/op
WorkloadActual  19: 1 op, 1600.00 ns, 1.6000 us/op
WorkloadActual  20: 1 op, 2500.00 ns, 2.5000 us/op
WorkloadActual  21: 1 op, 2100.00 ns, 2.1000 us/op
WorkloadActual  22: 1 op, 1700.00 ns, 1.7000 us/op
WorkloadActual  23: 1 op, 1800.00 ns, 1.8000 us/op
WorkloadActual  24: 1 op, 1700.00 ns, 1.7000 us/op
WorkloadActual  25: 1 op, 1700.00 ns, 1.7000 us/op
WorkloadActual  26: 1 op, 2400.00 ns, 2.4000 us/op
WorkloadActual  27: 1 op, 2000.00 ns, 2.0000 us/op
WorkloadActual  28: 1 op, 2600.00 ns, 2.6000 us/op
WorkloadActual  29: 1 op, 2100.00 ns, 2.1000 us/op
WorkloadActual  30: 1 op, 2200.00 ns, 2.2000 us/op
WorkloadActual  31: 1 op, 2100.00 ns, 2.1000 us/op
WorkloadActual  32: 1 op, 2100.00 ns, 2.1000 us/op
WorkloadActual  33: 1 op, 1500.00 ns, 1.5000 us/op
WorkloadActual  34: 1 op, 1500.00 ns, 1.5000 us/op
WorkloadActual  35: 1 op, 1600.00 ns, 1.6000 us/op
WorkloadActual  36: 1 op, 1600.00 ns, 1.6000 us/op
WorkloadActual  37: 1 op, 1600.00 ns, 1.6000 us/op
WorkloadActual  38: 1 op, 2500.00 ns, 2.5000 us/op
WorkloadActual  39: 1 op, 2100.00 ns, 2.1000 us/op
WorkloadActual  40: 1 op, 2400.00 ns, 2.4000 us/op
WorkloadActual  41: 1 op, 2500.00 ns, 2.5000 us/op
WorkloadActual  42: 1 op, 3600.00 ns, 3.6000 us/op
WorkloadActual  43: 1 op, 2200.00 ns, 2.2000 us/op
WorkloadActual  44: 1 op, 2000.00 ns, 2.0000 us/op
WorkloadActual  45: 1 op, 2200.00 ns, 2.2000 us/op
WorkloadActual  46: 1 op, 1600.00 ns, 1.6000 us/op
WorkloadActual  47: 1 op, 1600.00 ns, 1.6000 us/op
WorkloadActual  48: 1 op, 1900.00 ns, 1.9000 us/op
WorkloadActual  49: 1 op, 2000.00 ns, 2.0000 us/op
WorkloadActual  50: 1 op, 1700.00 ns, 1.7000 us/op
WorkloadActual  51: 1 op, 2100.00 ns, 2.1000 us/op
WorkloadActual  52: 1 op, 1600.00 ns, 1.6000 us/op
WorkloadActual  53: 1 op, 1600.00 ns, 1.6000 us/op
WorkloadActual  54: 1 op, 1700.00 ns, 1.7000 us/op
WorkloadActual  55: 1 op, 2200.00 ns, 2.2000 us/op
WorkloadActual  56: 1 op, 2400.00 ns, 2.4000 us/op
WorkloadActual  57: 1 op, 2500.00 ns, 2.5000 us/op
WorkloadActual  58: 1 op, 2100.00 ns, 2.1000 us/op
WorkloadActual  59: 1 op, 2500.00 ns, 2.5000 us/op
WorkloadActual  60: 1 op, 2400.00 ns, 2.4000 us/op
WorkloadActual  61: 1 op, 1700.00 ns, 1.7000 us/op
WorkloadActual  62: 1 op, 2000.00 ns, 2.0000 us/op
WorkloadActual  63: 1 op, 2900.00 ns, 2.9000 us/op
WorkloadActual  64: 1 op, 2200.00 ns, 2.2000 us/op
WorkloadActual  65: 1 op, 2200.00 ns, 2.2000 us/op
WorkloadActual  66: 1 op, 1900.00 ns, 1.9000 us/op
WorkloadActual  67: 1 op, 1900.00 ns, 1.9000 us/op
WorkloadActual  68: 1 op, 1700.00 ns, 1.7000 us/op
WorkloadActual  69: 1 op, 2400.00 ns, 2.4000 us/op
WorkloadActual  70: 1 op, 2700.00 ns, 2.7000 us/op
WorkloadActual  71: 1 op, 2100.00 ns, 2.1000 us/op
WorkloadActual  72: 1 op, 1600.00 ns, 1.6000 us/op
WorkloadActual  73: 1 op, 1800.00 ns, 1.8000 us/op
WorkloadActual  74: 1 op, 2400.00 ns, 2.4000 us/op
WorkloadActual  75: 1 op, 2100.00 ns, 2.1000 us/op
WorkloadActual  76: 1 op, 1700.00 ns, 1.7000 us/op
WorkloadActual  77: 1 op, 2400.00 ns, 2.4000 us/op
WorkloadActual  78: 1 op, 2100.00 ns, 2.1000 us/op
WorkloadActual  79: 1 op, 2300.00 ns, 2.3000 us/op
WorkloadActual  80: 1 op, 2100.00 ns, 2.1000 us/op
WorkloadActual  81: 1 op, 1800.00 ns, 1.8000 us/op
WorkloadActual  82: 1 op, 2100.00 ns, 2.1000 us/op
WorkloadActual  83: 1 op, 1900.00 ns, 1.9000 us/op
WorkloadActual  84: 1 op, 2000.00 ns, 2.0000 us/op
WorkloadActual  85: 1 op, 2000.00 ns, 2.0000 us/op
WorkloadActual  86: 1 op, 1800.00 ns, 1.8000 us/op
WorkloadActual  87: 1 op, 1700.00 ns, 1.7000 us/op
WorkloadActual  88: 1 op, 2100.00 ns, 2.1000 us/op
WorkloadActual  89: 1 op, 1600.00 ns, 1.6000 us/op
WorkloadActual  90: 1 op, 1800.00 ns, 1.8000 us/op
WorkloadActual  91: 1 op, 1700.00 ns, 1.7000 us/op
WorkloadActual  92: 1 op, 1700.00 ns, 1.7000 us/op
WorkloadActual  93: 1 op, 1700.00 ns, 1.7000 us/op
WorkloadActual  94: 1 op, 1700.00 ns, 1.7000 us/op
WorkloadActual  95: 1 op, 1700.00 ns, 1.7000 us/op
WorkloadActual  96: 1 op, 1700.00 ns, 1.7000 us/op
WorkloadActual  97: 1 op, 1600.00 ns, 1.6000 us/op
WorkloadActual  98: 1 op, 1600.00 ns, 1.6000 us/op
WorkloadActual  99: 1 op, 1600.00 ns, 1.6000 us/op
WorkloadActual  100: 1 op, 5800.00 ns, 5.8000 us/op

// AfterActualRun
WorkloadResult   1: 1 op, 2450.00 ns, 2.4500 us/op
WorkloadResult   2: 1 op, 2650.00 ns, 2.6500 us/op
WorkloadResult   3: 1 op, 2150.00 ns, 2.1500 us/op
WorkloadResult   4: 1 op, 1650.00 ns, 1.6500 us/op
WorkloadResult   5: 1 op, 2050.00 ns, 2.0500 us/op
WorkloadResult   6: 1 op, 2150.00 ns, 2.1500 us/op
WorkloadResult   7: 1 op, 1550.00 ns, 1.5500 us/op
WorkloadResult   8: 1 op, 1450.00 ns, 1.4500 us/op
WorkloadResult   9: 1 op, 1450.00 ns, 1.4500 us/op
WorkloadResult  10: 1 op, 1450.00 ns, 1.4500 us/op
WorkloadResult  11: 1 op, 2450.00 ns, 2.4500 us/op
WorkloadResult  12: 1 op, 2550.00 ns, 2.5500 us/op
WorkloadResult  13: 1 op, 2050.00 ns, 2.0500 us/op
WorkloadResult  14: 1 op, 2650.00 ns, 2.6500 us/op
WorkloadResult  15: 1 op, 1850.00 ns, 1.8500 us/op
WorkloadResult  16: 1 op, 1650.00 ns, 1.6500 us/op
WorkloadResult  17: 1 op, 1550.00 ns, 1.5500 us/op
WorkloadResult  18: 1 op, 1550.00 ns, 1.5500 us/op
WorkloadResult  19: 1 op, 1450.00 ns, 1.4500 us/op
WorkloadResult  20: 1 op, 2350.00 ns, 2.3500 us/op
WorkloadResult  21: 1 op, 1950.00 ns, 1.9500 us/op
WorkloadResult  22: 1 op, 1550.00 ns, 1.5500 us/op
WorkloadResult  23: 1 op, 1650.00 ns, 1.6500 us/op
WorkloadResult  24: 1 op, 1550.00 ns, 1.5500 us/op
WorkloadResult  25: 1 op, 1550.00 ns, 1.5500 us/op
WorkloadResult  26: 1 op, 2250.00 ns, 2.2500 us/op
WorkloadResult  27: 1 op, 1850.00 ns, 1.8500 us/op
WorkloadResult  28: 1 op, 2450.00 ns, 2.4500 us/op
WorkloadResult  29: 1 op, 1950.00 ns, 1.9500 us/op
WorkloadResult  30: 1 op, 2050.00 ns, 2.0500 us/op
WorkloadResult  31: 1 op, 1950.00 ns, 1.9500 us/op
WorkloadResult  32: 1 op, 1950.00 ns, 1.9500 us/op
WorkloadResult  33: 1 op, 1350.00 ns, 1.3500 us/op
WorkloadResult  34: 1 op, 1350.00 ns, 1.3500 us/op
WorkloadResult  35: 1 op, 1450.00 ns, 1.4500 us/op
WorkloadResult  36: 1 op, 1450.00 ns, 1.4500 us/op
WorkloadResult  37: 1 op, 1450.00 ns, 1.4500 us/op
WorkloadResult  38: 1 op, 2350.00 ns, 2.3500 us/op
WorkloadResult  39: 1 op, 1950.00 ns, 1.9500 us/op
WorkloadResult  40: 1 op, 2250.00 ns, 2.2500 us/op
WorkloadResult  41: 1 op, 2350.00 ns, 2.3500 us/op
WorkloadResult  42: 1 op, 2050.00 ns, 2.0500 us/op
WorkloadResult  43: 1 op, 1850.00 ns, 1.8500 us/op
WorkloadResult  44: 1 op, 2050.00 ns, 2.0500 us/op
WorkloadResult  45: 1 op, 1450.00 ns, 1.4500 us/op
WorkloadResult  46: 1 op, 1450.00 ns, 1.4500 us/op
WorkloadResult  47: 1 op, 1750.00 ns, 1.7500 us/op
WorkloadResult  48: 1 op, 1850.00 ns, 1.8500 us/op
WorkloadResult  49: 1 op, 1550.00 ns, 1.5500 us/op
WorkloadResult  50: 1 op, 1950.00 ns, 1.9500 us/op
WorkloadResult  51: 1 op, 1450.00 ns, 1.4500 us/op
WorkloadResult  52: 1 op, 1450.00 ns, 1.4500 us/op
WorkloadResult  53: 1 op, 1550.00 ns, 1.5500 us/op
WorkloadResult  54: 1 op, 2050.00 ns, 2.0500 us/op
WorkloadResult  55: 1 op, 2250.00 ns, 2.2500 us/op
WorkloadResult  56: 1 op, 2350.00 ns, 2.3500 us/op
WorkloadResult  57: 1 op, 1950.00 ns, 1.9500 us/op
WorkloadResult  58: 1 op, 2350.00 ns, 2.3500 us/op
WorkloadResult  59: 1 op, 2250.00 ns, 2.2500 us/op
WorkloadResult  60: 1 op, 1550.00 ns, 1.5500 us/op
WorkloadResult  61: 1 op, 1850.00 ns, 1.8500 us/op
WorkloadResult  62: 1 op, 2750.00 ns, 2.7500 us/op
WorkloadResult  63: 1 op, 2050.00 ns, 2.0500 us/op
WorkloadResult  64: 1 op, 2050.00 ns, 2.0500 us/op
WorkloadResult  65: 1 op, 1750.00 ns, 1.7500 us/op
WorkloadResult  66: 1 op, 1750.00 ns, 1.7500 us/op
WorkloadResult  67: 1 op, 1550.00 ns, 1.5500 us/op
WorkloadResult  68: 1 op, 2250.00 ns, 2.2500 us/op
WorkloadResult  69: 1 op, 2550.00 ns, 2.5500 us/op
WorkloadResult  70: 1 op, 1950.00 ns, 1.9500 us/op
WorkloadResult  71: 1 op, 1450.00 ns, 1.4500 us/op
WorkloadResult  72: 1 op, 1650.00 ns, 1.6500 us/op
WorkloadResult  73: 1 op, 2250.00 ns, 2.2500 us/op
WorkloadResult  74: 1 op, 1950.00 ns, 1.9500 us/op
WorkloadResult  75: 1 op, 1550.00 ns, 1.5500 us/op
WorkloadResult  76: 1 op, 2250.00 ns, 2.2500 us/op
WorkloadResult  77: 1 op, 1950.00 ns, 1.9500 us/op
WorkloadResult  78: 1 op, 2150.00 ns, 2.1500 us/op
WorkloadResult  79: 1 op, 1950.00 ns, 1.9500 us/op
WorkloadResult  80: 1 op, 1650.00 ns, 1.6500 us/op
WorkloadResult  81: 1 op, 1950.00 ns, 1.9500 us/op
WorkloadResult  82: 1 op, 1750.00 ns, 1.7500 us/op
WorkloadResult  83: 1 op, 1850.00 ns, 1.8500 us/op
WorkloadResult  84: 1 op, 1850.00 ns, 1.8500 us/op
WorkloadResult  85: 1 op, 1650.00 ns, 1.6500 us/op
WorkloadResult  86: 1 op, 1550.00 ns, 1.5500 us/op
WorkloadResult  87: 1 op, 1950.00 ns, 1.9500 us/op
WorkloadResult  88: 1 op, 1450.00 ns, 1.4500 us/op
WorkloadResult  89: 1 op, 1650.00 ns, 1.6500 us/op
WorkloadResult  90: 1 op, 1550.00 ns, 1.5500 us/op
WorkloadResult  91: 1 op, 1550.00 ns, 1.5500 us/op
WorkloadResult  92: 1 op, 1550.00 ns, 1.5500 us/op
WorkloadResult  93: 1 op, 1550.00 ns, 1.5500 us/op
WorkloadResult  94: 1 op, 1550.00 ns, 1.5500 us/op
WorkloadResult  95: 1 op, 1550.00 ns, 1.5500 us/op
WorkloadResult  96: 1 op, 1450.00 ns, 1.4500 us/op
WorkloadResult  97: 1 op, 1450.00 ns, 1.4500 us/op
WorkloadResult  98: 1 op, 1450.00 ns, 1.4500 us/op
// GC:  0 0 0 224 1
// Threading:  0 0 1

// AfterAll
// Benchmark Process 26092 has exited with code 0.

Mean = 1.852 μs, StdErr = 0.036 μs (1.94%), N = 98, StdDev = 0.355 μs
Min = 1.350 μs, Q1 = 1.550 μs, Median = 1.850 μs, Q3 = 2.050 μs, Max = 2.750 μs
IQR = 0.500 μs, LowerFence = 0.800 μs, UpperFence = 2.800 μs
ConfidenceInterval = [1.730 μs; 1.974 μs] (CI 99.9%), Margin = 0.122 μs (6.58% of Mean)
Skewness = 0.55, Kurtosis = 2.27, MValue = 4.24

// ** Remained 1 (11,1%) benchmark(s) to run. Estimated finish 2026-06-28 14:52 (0h 0m from now) **
Setup power plan (GUID: 8c5e7fda-e8bf-4a96-9a85-a6e23a8c635c FriendlyName: Alto desempenho)
// **************************
// Benchmark: DominioBenchmarks.Agendamento_PodeExpirar_Disponivel: Job-CNUJVU(InvocationCount=1, UnrollFactor=1)
// *** Execute ***
// Launch: 1 / 1
// Execute: dotnet TruckFlow.Benchmarks-Job-CNUJVU-1.dll --anonymousPipes 1364 1268 --benchmarkName TruckFlow.Benchmarks.Benchmarks.DominioBenchmarks.Agendamento_PodeExpirar_Disponivel --job "InvocationCount=1, UnrollFactor=1" --benchmarkId 8 in C:\Users\User\Documents\GitHub\TruckFlow\src\TruckFlowApi\TruckFlow.Benchmarks\bin\Release\net8.0\TruckFlow.Benchmarks-Job-CNUJVU-1\bin\Release\net8.0
// BeforeAnythingElse

// Benchmark Process Environment Information:
// BenchmarkDotNet v0.15.8
// Runtime=.NET 8.0.19 (8.0.19, 8.0.1925.36514), X64 RyuJIT x86-64-v3
// GC=Concurrent Workstation
// HardwareIntrinsics=AVX2+BMI1+BMI2+F16C+FMA+LZCNT+MOVBE,AVX,SSE3+SSSE3+SSE4.1+SSE4.2+POPCNT,X86Base+SSE+SSE2,AES+PCLMUL VectorSize=256
// Job: Job-CNUJVU(InvocationCount=1, UnrollFactor=1)

OverheadJitting  1: 1 op, 164800.00 ns, 164.8000 us/op
WorkloadJitting  1: 1 op, 408500.00 ns, 408.5000 us/op

OverheadWarmup   1: 1 op, 500.00 ns, 500.0000 ns/op
OverheadWarmup   2: 1 op, 200.00 ns, 200.0000 ns/op
OverheadWarmup   3: 1 op, 200.00 ns, 200.0000 ns/op
OverheadWarmup   4: 1 op, 200.00 ns, 200.0000 ns/op
OverheadWarmup   5: 1 op, 100.00 ns, 100.0000 ns/op
OverheadWarmup   6: 1 op, 200.00 ns, 200.0000 ns/op

OverheadActual   1: 1 op, 300.00 ns, 300.0000 ns/op
OverheadActual   2: 1 op, 1100.00 ns, 1.1000 us/op
OverheadActual   3: 1 op, 800.00 ns, 800.0000 ns/op
OverheadActual   4: 1 op, 100.00 ns, 100.0000 ns/op
OverheadActual   5: 1 op, 200.00 ns, 200.0000 ns/op
OverheadActual   6: 1 op, 200.00 ns, 200.0000 ns/op
OverheadActual   7: 1 op, 200.00 ns, 200.0000 ns/op
OverheadActual   8: 1 op, 100.00 ns, 100.0000 ns/op
OverheadActual   9: 1 op, 100.00 ns, 100.0000 ns/op
OverheadActual  10: 1 op, 200.00 ns, 200.0000 ns/op
OverheadActual  11: 1 op, 100.00 ns, 100.0000 ns/op
OverheadActual  12: 1 op, 100.00 ns, 100.0000 ns/op
OverheadActual  13: 1 op, 200.00 ns, 200.0000 ns/op
OverheadActual  14: 1 op, 200.00 ns, 200.0000 ns/op
OverheadActual  15: 1 op, 200.00 ns, 200.0000 ns/op
OverheadActual  16: 1 op, 200.00 ns, 200.0000 ns/op
OverheadActual  17: 1 op, 200.00 ns, 200.0000 ns/op
OverheadActual  18: 1 op, 200.00 ns, 200.0000 ns/op
OverheadActual  19: 1 op, 200.00 ns, 200.0000 ns/op
OverheadActual  20: 1 op, 200.00 ns, 200.0000 ns/op

WorkloadWarmup   1: 1 op, 3000.00 ns, 3.0000 us/op
WorkloadWarmup   2: 1 op, 1100.00 ns, 1.1000 us/op
WorkloadWarmup   3: 1 op, 900.00 ns, 900.0000 ns/op
WorkloadWarmup   4: 1 op, 900.00 ns, 900.0000 ns/op
WorkloadWarmup   5: 1 op, 900.00 ns, 900.0000 ns/op
WorkloadWarmup   6: 1 op, 800.00 ns, 800.0000 ns/op
WorkloadWarmup   7: 1 op, 800.00 ns, 800.0000 ns/op

// BeforeActualRun
WorkloadActual   1: 1 op, 1200.00 ns, 1.2000 us/op
WorkloadActual   2: 1 op, 800.00 ns, 800.0000 ns/op
WorkloadActual   3: 1 op, 600.00 ns, 600.0000 ns/op
WorkloadActual   4: 1 op, 600.00 ns, 600.0000 ns/op
WorkloadActual   5: 1 op, 800.00 ns, 800.0000 ns/op
WorkloadActual   6: 1 op, 600.00 ns, 600.0000 ns/op
WorkloadActual   7: 1 op, 700.00 ns, 700.0000 ns/op
WorkloadActual   8: 1 op, 900.00 ns, 900.0000 ns/op
WorkloadActual   9: 1 op, 800.00 ns, 800.0000 ns/op
WorkloadActual  10: 1 op, 900.00 ns, 900.0000 ns/op
WorkloadActual  11: 1 op, 800.00 ns, 800.0000 ns/op
WorkloadActual  12: 1 op, 900.00 ns, 900.0000 ns/op
WorkloadActual  13: 1 op, 900.00 ns, 900.0000 ns/op
WorkloadActual  14: 1 op, 800.00 ns, 800.0000 ns/op
WorkloadActual  15: 1 op, 700.00 ns, 700.0000 ns/op
WorkloadActual  16: 1 op, 900.00 ns, 900.0000 ns/op
WorkloadActual  17: 1 op, 800.00 ns, 800.0000 ns/op
WorkloadActual  18: 1 op, 800.00 ns, 800.0000 ns/op
WorkloadActual  19: 1 op, 1000.00 ns, 1.0000 us/op
WorkloadActual  20: 1 op, 800.00 ns, 800.0000 ns/op
WorkloadActual  21: 1 op, 900.00 ns, 900.0000 ns/op
WorkloadActual  22: 1 op, 800.00 ns, 800.0000 ns/op
WorkloadActual  23: 1 op, 800.00 ns, 800.0000 ns/op
WorkloadActual  24: 1 op, 900.00 ns, 900.0000 ns/op
WorkloadActual  25: 1 op, 800.00 ns, 800.0000 ns/op
WorkloadActual  26: 1 op, 800.00 ns, 800.0000 ns/op
WorkloadActual  27: 1 op, 800.00 ns, 800.0000 ns/op
WorkloadActual  28: 1 op, 900.00 ns, 900.0000 ns/op
WorkloadActual  29: 1 op, 800.00 ns, 800.0000 ns/op
WorkloadActual  30: 1 op, 900.00 ns, 900.0000 ns/op
WorkloadActual  31: 1 op, 900.00 ns, 900.0000 ns/op
WorkloadActual  32: 1 op, 900.00 ns, 900.0000 ns/op
WorkloadActual  33: 1 op, 1200.00 ns, 1.2000 us/op
WorkloadActual  34: 1 op, 800.00 ns, 800.0000 ns/op
WorkloadActual  35: 1 op, 1000.00 ns, 1.0000 us/op
WorkloadActual  36: 1 op, 900.00 ns, 900.0000 ns/op
WorkloadActual  37: 1 op, 800.00 ns, 800.0000 ns/op
WorkloadActual  38: 1 op, 800.00 ns, 800.0000 ns/op
WorkloadActual  39: 1 op, 800.00 ns, 800.0000 ns/op
WorkloadActual  40: 1 op, 900.00 ns, 900.0000 ns/op
WorkloadActual  41: 1 op, 800.00 ns, 800.0000 ns/op
WorkloadActual  42: 1 op, 600.00 ns, 600.0000 ns/op
WorkloadActual  43: 1 op, 1400.00 ns, 1.4000 us/op
WorkloadActual  44: 1 op, 800.00 ns, 800.0000 ns/op
WorkloadActual  45: 1 op, 1000.00 ns, 1.0000 us/op
WorkloadActual  46: 1 op, 900.00 ns, 900.0000 ns/op
WorkloadActual  47: 1 op, 900.00 ns, 900.0000 ns/op
WorkloadActual  48: 1 op, 900.00 ns, 900.0000 ns/op
WorkloadActual  49: 1 op, 2600.00 ns, 2.6000 us/op
WorkloadActual  50: 1 op, 900.00 ns, 900.0000 ns/op
WorkloadActual  51: 1 op, 900.00 ns, 900.0000 ns/op
WorkloadActual  52: 1 op, 900.00 ns, 900.0000 ns/op
WorkloadActual  53: 1 op, 900.00 ns, 900.0000 ns/op
WorkloadActual  54: 1 op, 900.00 ns, 900.0000 ns/op
WorkloadActual  55: 1 op, 900.00 ns, 900.0000 ns/op
WorkloadActual  56: 1 op, 800.00 ns, 800.0000 ns/op
WorkloadActual  57: 1 op, 900.00 ns, 900.0000 ns/op
WorkloadActual  58: 1 op, 800.00 ns, 800.0000 ns/op
WorkloadActual  59: 1 op, 900.00 ns, 900.0000 ns/op
WorkloadActual  60: 1 op, 800.00 ns, 800.0000 ns/op
WorkloadActual  61: 1 op, 600.00 ns, 600.0000 ns/op
WorkloadActual  62: 1 op, 900.00 ns, 900.0000 ns/op
WorkloadActual  63: 1 op, 800.00 ns, 800.0000 ns/op
WorkloadActual  64: 1 op, 900.00 ns, 900.0000 ns/op
WorkloadActual  65: 1 op, 900.00 ns, 900.0000 ns/op
WorkloadActual  66: 1 op, 900.00 ns, 900.0000 ns/op
WorkloadActual  67: 1 op, 800.00 ns, 800.0000 ns/op
WorkloadActual  68: 1 op, 900.00 ns, 900.0000 ns/op
WorkloadActual  69: 1 op, 900.00 ns, 900.0000 ns/op
WorkloadActual  70: 1 op, 800.00 ns, 800.0000 ns/op
WorkloadActual  71: 1 op, 800.00 ns, 800.0000 ns/op
WorkloadActual  72: 1 op, 800.00 ns, 800.0000 ns/op
WorkloadActual  73: 1 op, 900.00 ns, 900.0000 ns/op
WorkloadActual  74: 1 op, 800.00 ns, 800.0000 ns/op
WorkloadActual  75: 1 op, 1000.00 ns, 1.0000 us/op
WorkloadActual  76: 1 op, 800.00 ns, 800.0000 ns/op
WorkloadActual  77: 1 op, 600.00 ns, 600.0000 ns/op
WorkloadActual  78: 1 op, 1000.00 ns, 1.0000 us/op
WorkloadActual  79: 1 op, 800.00 ns, 800.0000 ns/op
WorkloadActual  80: 1 op, 800.00 ns, 800.0000 ns/op
WorkloadActual  81: 1 op, 800.00 ns, 800.0000 ns/op
WorkloadActual  82: 1 op, 900.00 ns, 900.0000 ns/op
WorkloadActual  83: 1 op, 800.00 ns, 800.0000 ns/op
WorkloadActual  84: 1 op, 1300.00 ns, 1.3000 us/op
WorkloadActual  85: 1 op, 900.00 ns, 900.0000 ns/op
WorkloadActual  86: 1 op, 800.00 ns, 800.0000 ns/op
WorkloadActual  87: 1 op, 800.00 ns, 800.0000 ns/op
WorkloadActual  88: 1 op, 900.00 ns, 900.0000 ns/op
WorkloadActual  89: 1 op, 800.00 ns, 800.0000 ns/op
WorkloadActual  90: 1 op, 1100.00 ns, 1.1000 us/op
WorkloadActual  91: 1 op, 900.00 ns, 900.0000 ns/op
WorkloadActual  92: 1 op, 1000.00 ns, 1.0000 us/op
WorkloadActual  93: 1 op, 800.00 ns, 800.0000 ns/op
WorkloadActual  94: 1 op, 700.00 ns, 700.0000 ns/op
WorkloadActual  95: 1 op, 900.00 ns, 900.0000 ns/op
WorkloadActual  96: 1 op, 800.00 ns, 800.0000 ns/op
WorkloadActual  97: 1 op, 800.00 ns, 800.0000 ns/op
WorkloadActual  98: 1 op, 800.00 ns, 800.0000 ns/op
WorkloadActual  99: 1 op, 800.00 ns, 800.0000 ns/op
WorkloadActual  100: 1 op, 900.00 ns, 900.0000 ns/op

// AfterActualRun
WorkloadResult   1: 1 op, 600.00 ns, 600.0000 ns/op
WorkloadResult   2: 1 op, 400.00 ns, 400.0000 ns/op
WorkloadResult   3: 1 op, 400.00 ns, 400.0000 ns/op
WorkloadResult   4: 1 op, 600.00 ns, 600.0000 ns/op
WorkloadResult   5: 1 op, 400.00 ns, 400.0000 ns/op
WorkloadResult   6: 1 op, 500.00 ns, 500.0000 ns/op
WorkloadResult   7: 1 op, 700.00 ns, 700.0000 ns/op
WorkloadResult   8: 1 op, 600.00 ns, 600.0000 ns/op
WorkloadResult   9: 1 op, 700.00 ns, 700.0000 ns/op
WorkloadResult  10: 1 op, 600.00 ns, 600.0000 ns/op
WorkloadResult  11: 1 op, 700.00 ns, 700.0000 ns/op
WorkloadResult  12: 1 op, 700.00 ns, 700.0000 ns/op
WorkloadResult  13: 1 op, 600.00 ns, 600.0000 ns/op
WorkloadResult  14: 1 op, 500.00 ns, 500.0000 ns/op
WorkloadResult  15: 1 op, 700.00 ns, 700.0000 ns/op
WorkloadResult  16: 1 op, 600.00 ns, 600.0000 ns/op
WorkloadResult  17: 1 op, 600.00 ns, 600.0000 ns/op
WorkloadResult  18: 1 op, 800.00 ns, 800.0000 ns/op
WorkloadResult  19: 1 op, 600.00 ns, 600.0000 ns/op
WorkloadResult  20: 1 op, 700.00 ns, 700.0000 ns/op
WorkloadResult  21: 1 op, 600.00 ns, 600.0000 ns/op
WorkloadResult  22: 1 op, 600.00 ns, 600.0000 ns/op
WorkloadResult  23: 1 op, 700.00 ns, 700.0000 ns/op
WorkloadResult  24: 1 op, 600.00 ns, 600.0000 ns/op
WorkloadResult  25: 1 op, 600.00 ns, 600.0000 ns/op
WorkloadResult  26: 1 op, 600.00 ns, 600.0000 ns/op
WorkloadResult  27: 1 op, 700.00 ns, 700.0000 ns/op
WorkloadResult  28: 1 op, 600.00 ns, 600.0000 ns/op
WorkloadResult  29: 1 op, 700.00 ns, 700.0000 ns/op
WorkloadResult  30: 1 op, 700.00 ns, 700.0000 ns/op
WorkloadResult  31: 1 op, 700.00 ns, 700.0000 ns/op
WorkloadResult  32: 1 op, 600.00 ns, 600.0000 ns/op
WorkloadResult  33: 1 op, 800.00 ns, 800.0000 ns/op
WorkloadResult  34: 1 op, 700.00 ns, 700.0000 ns/op
WorkloadResult  35: 1 op, 600.00 ns, 600.0000 ns/op
WorkloadResult  36: 1 op, 600.00 ns, 600.0000 ns/op
WorkloadResult  37: 1 op, 600.00 ns, 600.0000 ns/op
WorkloadResult  38: 1 op, 700.00 ns, 700.0000 ns/op
WorkloadResult  39: 1 op, 600.00 ns, 600.0000 ns/op
WorkloadResult  40: 1 op, 400.00 ns, 400.0000 ns/op
WorkloadResult  41: 1 op, 600.00 ns, 600.0000 ns/op
WorkloadResult  42: 1 op, 800.00 ns, 800.0000 ns/op
WorkloadResult  43: 1 op, 700.00 ns, 700.0000 ns/op
WorkloadResult  44: 1 op, 700.00 ns, 700.0000 ns/op
WorkloadResult  45: 1 op, 700.00 ns, 700.0000 ns/op
WorkloadResult  46: 1 op, 700.00 ns, 700.0000 ns/op
WorkloadResult  47: 1 op, 700.00 ns, 700.0000 ns/op
WorkloadResult  48: 1 op, 700.00 ns, 700.0000 ns/op
WorkloadResult  49: 1 op, 700.00 ns, 700.0000 ns/op
WorkloadResult  50: 1 op, 700.00 ns, 700.0000 ns/op
WorkloadResult  51: 1 op, 700.00 ns, 700.0000 ns/op
WorkloadResult  52: 1 op, 600.00 ns, 600.0000 ns/op
WorkloadResult  53: 1 op, 700.00 ns, 700.0000 ns/op
WorkloadResult  54: 1 op, 600.00 ns, 600.0000 ns/op
WorkloadResult  55: 1 op, 700.00 ns, 700.0000 ns/op
WorkloadResult  56: 1 op, 600.00 ns, 600.0000 ns/op
WorkloadResult  57: 1 op, 400.00 ns, 400.0000 ns/op
WorkloadResult  58: 1 op, 700.00 ns, 700.0000 ns/op
WorkloadResult  59: 1 op, 600.00 ns, 600.0000 ns/op
WorkloadResult  60: 1 op, 700.00 ns, 700.0000 ns/op
WorkloadResult  61: 1 op, 700.00 ns, 700.0000 ns/op
WorkloadResult  62: 1 op, 700.00 ns, 700.0000 ns/op
WorkloadResult  63: 1 op, 600.00 ns, 600.0000 ns/op
WorkloadResult  64: 1 op, 700.00 ns, 700.0000 ns/op
WorkloadResult  65: 1 op, 700.00 ns, 700.0000 ns/op
WorkloadResult  66: 1 op, 600.00 ns, 600.0000 ns/op
WorkloadResult  67: 1 op, 600.00 ns, 600.0000 ns/op
WorkloadResult  68: 1 op, 600.00 ns, 600.0000 ns/op
WorkloadResult  69: 1 op, 700.00 ns, 700.0000 ns/op
WorkloadResult  70: 1 op, 600.00 ns, 600.0000 ns/op
WorkloadResult  71: 1 op, 800.00 ns, 800.0000 ns/op
WorkloadResult  72: 1 op, 600.00 ns, 600.0000 ns/op
WorkloadResult  73: 1 op, 400.00 ns, 400.0000 ns/op
WorkloadResult  74: 1 op, 800.00 ns, 800.0000 ns/op
WorkloadResult  75: 1 op, 600.00 ns, 600.0000 ns/op
WorkloadResult  76: 1 op, 600.00 ns, 600.0000 ns/op
WorkloadResult  77: 1 op, 600.00 ns, 600.0000 ns/op
WorkloadResult  78: 1 op, 700.00 ns, 700.0000 ns/op
WorkloadResult  79: 1 op, 600.00 ns, 600.0000 ns/op
WorkloadResult  80: 1 op, 700.00 ns, 700.0000 ns/op
WorkloadResult  81: 1 op, 600.00 ns, 600.0000 ns/op
WorkloadResult  82: 1 op, 600.00 ns, 600.0000 ns/op
WorkloadResult  83: 1 op, 700.00 ns, 700.0000 ns/op
WorkloadResult  84: 1 op, 600.00 ns, 600.0000 ns/op
WorkloadResult  85: 1 op, 700.00 ns, 700.0000 ns/op
WorkloadResult  86: 1 op, 800.00 ns, 800.0000 ns/op
WorkloadResult  87: 1 op, 600.00 ns, 600.0000 ns/op
WorkloadResult  88: 1 op, 500.00 ns, 500.0000 ns/op
WorkloadResult  89: 1 op, 700.00 ns, 700.0000 ns/op
WorkloadResult  90: 1 op, 600.00 ns, 600.0000 ns/op
WorkloadResult  91: 1 op, 600.00 ns, 600.0000 ns/op
WorkloadResult  92: 1 op, 600.00 ns, 600.0000 ns/op
WorkloadResult  93: 1 op, 600.00 ns, 600.0000 ns/op
WorkloadResult  94: 1 op, 700.00 ns, 700.0000 ns/op
// GC:  0 0 0 0 1
// Threading:  0 0 1

// AfterAll
// Benchmark Process 30820 has exited with code 0.

Mean = 636.170 ns, StdErr = 9.306 ns (1.46%), N = 94, StdDev = 90.222 ns
Min = 400.000 ns, Q1 = 600.000 ns, Median = 600.000 ns, Q3 = 700.000 ns, Max = 800.000 ns
IQR = 100.000 ns, LowerFence = 450.000 ns, UpperFence = 850.000 ns
ConfidenceInterval = [604.547 ns; 667.793 ns] (CI 99.9%), Margin = 31.623 ns (4.97% of Mean)
Skewness = -0.76, Kurtosis = 3.97, MValue = 4.19

// ** Remained 0 (0,0%) benchmark(s) to run. Estimated finish 2026-06-28 14:52 (0h 0m from now) **
Successfully reverted power plan (GUID: 381b4222-f694-41f0-9685-ff5bb260df2e FriendlyName: Equilibrado)
// ***** BenchmarkRunner: Finish  *****

// * Export *
  BenchmarkDotNet.Artifacts\results\TruckFlow.Benchmarks.Benchmarks.DominioBenchmarks-report.csv
  BenchmarkDotNet.Artifacts\results\TruckFlow.Benchmarks.Benchmarks.DominioBenchmarks-report-github.md
  BenchmarkDotNet.Artifacts\results\TruckFlow.Benchmarks.Benchmarks.DominioBenchmarks-report.html

// * Detailed results *
DominioBenchmarks.Agendamento_Reservar: Job-CNUJVU(InvocationCount=1, UnrollFactor=1)
Runtime = .NET 8.0.19 (8.0.19, 8.0.1925.36514), X64 RyuJIT x86-64-v3; GC = Concurrent Workstation
Mean = 3.219 μs, StdErr = 0.041 μs (1.26%), N = 93, StdDev = 0.391 μs
Min = 2.600 μs, Q1 = 2.900 μs, Median = 3.100 μs, Q3 = 3.500 μs, Max = 4.400 μs
IQR = 0.600 μs, LowerFence = 2.000 μs, UpperFence = 4.400 μs
ConfidenceInterval = [3.082 μs; 3.357 μs] (CI 99.9%), Margin = 0.138 μs (4.28% of Mean)
Skewness = 0.91, Kurtosis = 3.07, MValue = 2.65
-------------------- Histogram --------------------
[2.587 μs ; 2.813 μs) | @@@@@@@@@@@@
[2.813 μs ; 3.113 μs) | @@@@@@@@@@@@@@@@@@@@@@@@@@@@@@@@@@@@@@@@
[3.113 μs ; 3.413 μs) | @@@@@@@@@@@@@@@
[3.413 μs ; 3.587 μs) | @@@@
[3.587 μs ; 3.813 μs) | @@@@@@@@@@@@@@@
[3.813 μs ; 4.113 μs) | @@@@@
[4.113 μs ; 4.237 μs) | 
[4.237 μs ; 4.463 μs) | @@
---------------------------------------------------

DominioBenchmarks.StatusAgendamento_PodeTransitar_Valido: Job-CNUJVU(InvocationCount=1, UnrollFactor=1)
Runtime = .NET 8.0.19 (8.0.19, 8.0.1925.36514), X64 RyuJIT x86-64-v3; GC = Concurrent Workstation
Mean = 141.000 ns, StdErr = 5.336 ns (3.78%), N = 100, StdDev = 53.362 ns
Min = 100.000 ns, Q1 = 100.000 ns, Median = 100.000 ns, Q3 = 200.000 ns, Max = 300.000 ns
IQR = 100.000 ns, LowerFence = -50.000 ns, UpperFence = 350.000 ns
ConfidenceInterval = [122.902 ns; 159.098 ns] (CI 99.9%), Margin = 18.098 ns (12.84% of Mean)
Skewness = 0.75, Kurtosis = 2.34, MValue = 3.28
-------------------- Histogram --------------------
[ 84.911 ns ; 115.089 ns) | @@@@@@@@@@@@@@@@@@@@@@@@@@@@@@@@@@@@@@@@@@@@@@@@@@@@@@@@@@@@@
[115.089 ns ; 145.267 ns) | 
[145.267 ns ; 175.446 ns) | 
[175.446 ns ; 215.089 ns) | @@@@@@@@@@@@@@@@@@@@@@@@@@@@@@@@@@@@@
[215.089 ns ; 245.267 ns) | 
[245.267 ns ; 284.911 ns) | 
[284.911 ns ; 315.089 ns) | @@
---------------------------------------------------

DominioBenchmarks.StatusAgendamento_PodeTransitar_Invalido: Job-CNUJVU(InvocationCount=1, UnrollFactor=1)
Runtime = .NET 8.0.19 (8.0.19, 8.0.1925.36514), X64 RyuJIT x86-64-v3; GC = Concurrent Workstation
Mean = 128.000 ns, StdErr = 5.140 ns (4.02%), N = 100, StdDev = 51.405 ns
Min = 0.000 ns, Q1 = 100.000 ns, Median = 100.000 ns, Q3 = 200.000 ns, Max = 300.000 ns
IQR = 100.000 ns, LowerFence = -50.000 ns, UpperFence = 350.000 ns
ConfidenceInterval = [110.566 ns; 145.434 ns] (CI 99.9%), Margin = 17.434 ns (13.62% of Mean)
Skewness = 0.72, Kurtosis = 3.16, MValue = 2.9
-------------------- Histogram --------------------
[  0.000 ns ;  14.536 ns) | @@
[ 14.536 ns ;  43.607 ns) | 
[ 43.607 ns ;  72.678 ns) | 
[ 72.678 ns ;  85.464 ns) | 
[ 85.464 ns ; 114.536 ns) | @@@@@@@@@@@@@@@@@@@@@@@@@@@@@@@@@@@@@@@@@@@@@@@@@@@@@@@@@@@@@@@@@@@@@
[114.536 ns ; 143.607 ns) | 
[143.607 ns ; 172.678 ns) | 
[172.678 ns ; 185.464 ns) | 
[185.464 ns ; 214.536 ns) | @@@@@@@@@@@@@@@@@@@@@@@@@@@@
[214.536 ns ; 243.607 ns) | 
[243.607 ns ; 272.678 ns) | 
[272.678 ns ; 285.464 ns) | 
[285.464 ns ; 314.536 ns) | @
---------------------------------------------------

DominioBenchmarks.EanValidator_Ean13_Valido: Job-CNUJVU(InvocationCount=1, UnrollFactor=1)
Runtime = .NET 8.0.19 (8.0.19, 8.0.1925.36514), X64 RyuJIT x86-64-v3; GC = Concurrent Workstation
Mean = 3.854 μs, StdErr = 0.161 μs (4.19%), N = 99, StdDev = 1.606 μs
Min = 2.000 μs, Q1 = 2.700 μs, Median = 3.300 μs, Q3 = 5.050 μs, Max = 7.900 μs
IQR = 2.350 μs, LowerFence = -0.825 μs, UpperFence = 8.575 μs
ConfidenceInterval = [3.306 μs; 4.401 μs] (CI 99.9%), Margin = 0.548 μs (14.21% of Mean)
Skewness = 0.74, Kurtosis = 2.35, MValue = 2.57
-------------------- Histogram --------------------
[1.994 μs ; 2.906 μs) | @@@@@@@@@@@@@@@@@@@@@@@@@@@@@@@@@@@@@@
[2.906 μs ; 3.994 μs) | @@@@@@@@@@@@@@@@@@@@@@@@@
[3.994 μs ; 4.994 μs) | @@@@@@@@@
[4.994 μs ; 5.906 μs) | @@@@@@@@@@@@@
[5.906 μs ; 6.494 μs) | @@@@
[6.494 μs ; 7.406 μs) | @@@@@@@@@
[7.406 μs ; 8.356 μs) | @
---------------------------------------------------

DominioBenchmarks.EanValidator_Ean13_Invalido: Job-CNUJVU(InvocationCount=1, UnrollFactor=1)
Runtime = .NET 8.0.19 (8.0.19, 8.0.1925.36514), X64 RyuJIT x86-64-v3; GC = Concurrent Workstation
Mean = 2.944 μs, StdErr = 0.035 μs (1.18%), N = 98, StdDev = 0.345 μs
Min = 2.200 μs, Q1 = 2.800 μs, Median = 2.900 μs, Q3 = 3.200 μs, Max = 3.700 μs
IQR = 0.400 μs, LowerFence = 2.200 μs, UpperFence = 3.800 μs
ConfidenceInterval = [2.826 μs; 3.062 μs] (CI 99.9%), Margin = 0.118 μs (4.01% of Mean)
Skewness = -0.2, Kurtosis = 2.62, MValue = 2.91
-------------------- Histogram --------------------
[2.102 μs ; 2.252 μs) | @@@
[2.252 μs ; 2.448 μs) | @@@@@@@@@
[2.448 μs ; 2.552 μs) | @
[2.552 μs ; 2.752 μs) | @@@@@@@
[2.752 μs ; 2.948 μs) | @@@@@@@@@@@@@@@@@@@@@@@@@@@@@@@@@
[2.948 μs ; 3.152 μs) | @@@@@@@@@@@@@@
[3.152 μs ; 3.348 μs) | @@@@@@@@@@@@@@@@@@@@@
[3.348 μs ; 3.548 μs) | @@@@@@@
[3.548 μs ; 3.748 μs) | @@@
---------------------------------------------------

DominioBenchmarks.EanValidator_Ean8_Valido: Job-CNUJVU(InvocationCount=1, UnrollFactor=1)
Runtime = .NET 8.0.19 (8.0.19, 8.0.1925.36514), X64 RyuJIT x86-64-v3; GC = Concurrent Workstation
Mean = 2.527 μs, StdErr = 0.036 μs (1.44%), N = 100, StdDev = 0.365 μs
Min = 1.900 μs, Q1 = 2.200 μs, Median = 2.500 μs, Q3 = 2.800 μs, Max = 3.700 μs
IQR = 0.600 μs, LowerFence = 1.300 μs, UpperFence = 3.700 μs
ConfidenceInterval = [2.403 μs; 2.651 μs] (CI 99.9%), Margin = 0.124 μs (4.90% of Mean)
Skewness = 0.42, Kurtosis = 2.61, MValue = 4.97
-------------------- Histogram --------------------
[1.847 μs ; 2.053 μs) | @@@@@@
[2.053 μs ; 2.303 μs) | @@@@@@@@@@@@@@@@@@@@@@@@@@@@@@@@@@@@@
[2.303 μs ; 2.397 μs) | 
[2.397 μs ; 2.603 μs) | @@@@@@@@@@@@
[2.603 μs ; 2.697 μs) | 
[2.697 μs ; 2.903 μs) | @@@@@@@@@@@@@@@@@@@@@@@@@@@@@@@@@@@
[2.903 μs ; 2.997 μs) | 
[2.997 μs ; 3.203 μs) | @@@@@@@
[3.203 μs ; 3.403 μs) | @@
[3.403 μs ; 3.597 μs) | 
[3.597 μs ; 3.803 μs) | @
---------------------------------------------------

DominioBenchmarks.ChaveAcesso_ExtrairUf_SP: Job-CNUJVU(InvocationCount=1, UnrollFactor=1)
Runtime = .NET 8.0.19 (8.0.19, 8.0.1925.36514), X64 RyuJIT x86-64-v3; GC = Concurrent Workstation
Mean = 2.418 μs, StdErr = 0.041 μs (1.71%), N = 95, StdDev = 0.403 μs
Min = 1.400 μs, Q1 = 2.150 μs, Median = 2.400 μs, Q3 = 2.700 μs, Max = 3.300 μs
IQR = 0.550 μs, Low